cluster_key,X_kpc,Y_kpc,Z_kpc,U_kms,V_kms,W_kms
2MASS-GC01,4.86,0.61,0.01,17.52,211.23,12.67
2MASS-GC02,2.76,0.93,-0.06,54.01,116.1,27.3
AM 1,24.08,-77.21,-89.01,-7.19,-8.91,76.86
AM 4,-10.43,-15.46,16.02,-126.95,-68.39,-162.9
ARP 2,-18.38,3.99,-10.19,-248.46,-13.89,175.88
BH 140,5.55,-4.01,-0.36,222.36,-10.8,32.29
BH 261,2.1,0.36,-0.56,58.95,205.82,-127.18
CRATER,-0.11,-98.46,109.15,-56.16,91.39,58.51
DJOR 1,-1.68,-0.57,-0.43,374.13,-180.09,7.5
E 3,5.36,-6.89,-2.57,218.34,111.39,97.28
ERIDANUS,58.21,-39.24,-55.93,-55.48,68.3,131.3
ESO 280-SC06,-11.73,-4.63,-4.56,-23.96,-35.85,-71.97
ESO 452-SC11,1.03,-1.02,1.55,-20.8,43.24,-94.85
ESO 456-SC29,-0.07,-0.18,-0.57,-88.72,-179.91,119.01
ESO 456-SC38,-0.57,0.42,-0.38,137.64,151.13,-73.65
FSR 1716,1.76,-3.74,-0.21,182.51,-12.33,-115.33
FSR 1735,-0.31,-3.23,-0.29,113.12,111.87,120.05
FSR 1758,-2.69,-2.07,-0.64,-250.44,235.01,192.45
GRAN 2,-7.48,-0.21,2.36,-80.46,103.84,-108.8
GRAN 3,-3.09,-2.04,0.68,-74.88,134.19,195.87
GRAN 5,3.29,0.38,0.16,27.97,-1.55,0.7
HP 1,1.19,-0.31,0.26,-49.6,16.99,-243.09
IC 1257,-16.43,7.3,6.95,55.77,-5.13,-13.47
IC 1276,3.97,1.69,0.45,-196.33,204.37,24.13
IC 4499,-2.56,-14.07,-6.61,-30.75,247.81,-61.21
LAEVENS 3,-17.44,51.59,-22.31,-68.19,74.23,-144.15
LILLER 1,0.15,-0.72,-0.02,-41.46,-83.37,28.07
LYNGA 7,1.43,-4.09,-0.39,125.71,1.23,-89.33
NGC 104,6.3,-2.59,-3.19,77.52,170.83,46.02
NGC 1261,8.08,-10.07,-12.95,-78.82,57.52,68.81
NGC 1851,12.39,-8.83,-6.86,81.45,-68.15,-83.31
NGC 1904,15.92,-8.37,-6.41,43.71,-17.22,5.41
NGC 2298,12.08,-8.61,-2.71,-79.73,34.25,67.05
NGC 2419,88.2,-0.52,37.73,-6.07,33.7,-55.89
NGC 2808,6.09,-9.64,-1.96,-56.43,149.3,30.31
NGC 288,8.26,0.05,-8.99,4.2,-48.34,50.29
NGC 3201,7.59,-4.65,0.71,-249.99,-199.09,148.84
NGC 362,4.98,-5.2,-6.38,93.45,-98.32,-67.93
NGC 4147,9.39,-3.93,18.07,40.11,-12.89,130.14
NGC 4372,5.28,-4.82,-0.98,100.02,84.28,64.83
NGC 4590,4.02,-7.31,6.12,170.43,289.18,16.43
NGC 4833,4.63,-5.34,-0.9,95.21,-54.95,-42.21
NGC 5024,5.25,-1.49,18.2,-57.27,155.76,-72.49
NGC 5053,5.11,-1.38,17.21,-52.79,150.82,35.3
NGC 5139,4.87,-4.07,1.4,-95.98,-21.69,-86.82
NGC 5272,6.7,1.34,9.98,-65.3,127.78,-134.17
NGC 5286,0.93,-8.16,2.03,-58.91,210.15,8.54
NGC 5466,4.8,3.06,15.46,217.9,-33.47,225.06
NGC 5634,-7.95,-5.18,19.67,59.05,-14.26,-26.56
NGC 5694,-18.13,-14.55,17.61,114.37,144.79,-170.18
NGC 5824,-17.9,-13.55,11.92,97.4,-61.59,-179.17
NGC 5897,-2.18,-3.18,6.33,34.52,-129.35,91.18
NGC 5904,3.07,0.34,5.45,-301.43,89.62,-181.13
NGC 5927,1.3,-4.54,0.7,205.0,114.22,7.05
NGC 5946,0.06,-5.16,0.7,7.2,-21.45,98.68
NGC 5986,-1.27,-4.0,2.42,8.15,-71.93,-13.39
NGC 6093,-1.49,-1.24,3.44,-9.1,-48.78,-62.97
NGC 6101,-2.11,-9.35,-3.94,-297.01,83.88,-190.08
NGC 6121,6.42,-0.28,0.51,-56.21,45.28,-3.04
NGC 6139,-1.32,-3.02,1.21,68.39,-29.37,130.82
NGC 6144,0.41,-1.1,2.21,-184.47,106.09,43.41
NGC 6171,3.0,0.3,2.2,-10.3,93.71,-57.7
NGC 6205,5.29,4.81,4.86,30.36,-14.96,-77.75
NGC 6218,3.77,1.24,2.26,-49.03,114.68,-85.24
NGC 6229,1.71,22.03,19.47,-7.59,30.75,45.79
NGC 6235,-3.43,-0.22,2.79,-144.47,-227.91,-43.18
NGC 6254,3.68,1.22,1.99,-122.9,80.21,48.71
NGC 6256,1.11,-1.53,0.42,115.73,154.69,66.43
NGC 6266,2.24,-0.67,0.77,87.09,106.94,59.64
NGC 6273,-0.04,-0.45,1.36,-129.95,221.75,171.75
NGC 6284,-5.81,-0.4,2.45,-16.17,15.56,105.21
NGC 6287,0.4,0.02,1.52,298.98,84.28,59.53
NGC 6293,-0.92,-0.38,1.25,117.36,126.19,-151.88
NGC 6304,2.07,-0.45,0.58,110.98,166.2,75.17
NGC 6316,-2.9,-0.55,1.12,-85.27,-102.1,92.58
NGC 6325,0.72,0.13,1.05,-38.92,-179.39,73.6
NGC 6333,0.06,0.79,1.54,-329.48,129.7,66.52
NGC 6341,5.6,6.48,4.86,22.97,39.48,98.27
NGC 6342,0.31,0.67,1.35,-158.75,-22.34,-29.08
NGC 6352,2.96,-1.75,-0.69,149.96,170.76,6.51
NGC 6355,-0.44,-0.06,0.82,198.82,126.39,136.36
NGC 6356,-7.12,1.8,2.78,-83.82,-106.31,111.08
NGC 6362,2.16,-4.12,-2.31,117.09,40.56,99.81
NGC 6366,5.04,1.05,0.95,65.24,147.16,-62.03
NGC 6380,-1.27,-1.64,-0.57,20.58,76.51,11.08
NGC 6388,-2.57,-2.77,-1.31,-49.47,78.28,-19.32
NGC 6397,5.92,-0.9,-0.51,58.24,106.68,-130.34
NGC 6401,0.77,0.45,0.52,101.04,237.5,109.65
NGC 6402,-0.06,3.21,2.34,-46.65,-20.92,20.2
NGC 6426,-9.36,9.36,5.79,11.24,-149.16,-29.02
NGC 6440,0.02,1.11,0.55,33.58,86.46,-37.51
NGC 6441,-4.42,-1.43,-1.11,13.63,-105.17,-25.31
NGC 6453,-1.84,-0.75,-0.68,115.63,21.74,-136.21
NGC 6496,-1.11,-1.97,-1.68,222.91,-146.82,-45.56
NGC 6517,-0.47,3.02,1.09,-49.03,50.13,-31.3
NGC 6522,0.9,0.13,-0.5,14.18,101.3,-177.94
NGC 6528,0.37,0.16,-0.57,-224.49,34.2,-39.4
NGC 6535,2.61,2.86,1.15,125.6,27.55,38.55
NGC 6539,0.6,2.88,0.96,-113.35,25.57,178.27
NGC 6540,2.29,0.34,-0.34,-4.5,132.39,60.24
NGC 6541,0.84,-1.39,-1.48,228.17,13.34,-111.74
NGC 6544,5.61,0.26,-0.1,8.81,36.42,-77.57
NGC 6553,2.88,0.49,-0.28,-10.62,247.02,-5.76
NGC 6558,0.44,0.03,-0.82,184.04,85.48,11.86
NGC 6569,-2.28,0.09,-1.23,33.52,-168.57,24.53
NGC 6584,-4.25,-4.0,-3.85,-69.58,-216.63,-238.12
NGC 6624,0.24,0.39,-1.1,-59.64,20.64,-122.99
NGC 6626,2.88,0.72,-0.52,-40.52,48.96,-90.99
NGC 6637,-0.58,0.26,-1.59,-82.47,-59.69,82.89
NGC 6638,-1.43,1.33,-1.22,-52.31,35.04,25.45
NGC 6642,0.3,1.36,-0.9,31.86,106.97,-46.79
NGC 6652,-1.1,0.25,-1.87,46.85,-26.61,165.75
NGC 6656,4.95,0.56,-0.43,155.31,212.88,-148.73
NGC 6681,-0.95,0.45,-2.03,-199.39,96.15,-180.24
NGC 6712,1.53,3.15,-0.56,60.92,123.26,-159.05
NGC 6715,-17.19,2.49,-6.4,-235.36,-17.11,203.74
NGC 6717,0.98,1.65,-1.42,-91.59,55.81,27.44
NGC 6723,0.28,0.01,-2.46,100.19,178.63,-32.93
NGC 6749,2.06,4.48,-0.29,-104.73,25.0,2.83
NGC 6752,4.77,-1.48,-1.78,27.25,172.35,60.49
NGC 6760,1.4,4.95,-0.58,-95.28,129.61,-20.16
NGC 6779,3.44,9.17,1.51,83.5,128.29,110.44
NGC 6809,3.32,0.75,-2.11,-210.78,28.97,-55.46
NGC 6838,5.99,3.34,-0.32,-63.91,193.37,38.86
NGC 6864,-9.15,6.41,-8.91,69.15,-71.35,53.63
NGC 6934,-0.96,11.73,-5.09,-88.22,-302.01,122.23
NGC 6981,-3.29,8.08,-9.0,62.03,-146.06,170.23
NGC 7006,-8.21,33.27,-13.06,62.61,-134.21,84.85
NGC 7078,4.16,8.62,-4.91,-106.01,53.95,-30.3
NGC 7089,2.52,7.61,-6.83,73.27,146.63,-173.8
NGC 7099,3.03,2.64,-6.17,1.8,-80.48,107.84
NGC 7492,1.68,8.74,-21.82,-1.29,-75.12,70.68
PAL 1,14.98,8.09,3.64,-64.32,206.67,-24.56
PAL 10,2.73,7.08,0.43,-272.22,10.22,26.44
PAL 11,-3.3,7.12,-3.77,-129.7,-83.56,-14.16
PAL 12,-2.55,6.32,-13.67,-327.57,18.08,109.51
PAL 13,7.31,17.23,-15.92,161.51,216.8,-77.87
PAL 14,-39.62,26.22,49.42,-99.22,77.43,122.42
PAL 15,-29.85,12.98,18.17,-136.67,65.03,53.59
PAL 2,33.67,4.25,-4.13,-104.05,-10.43,24.77
PAL 3,43.34,-61.26,63.29,-41.1,135.12,51.48
PAL 4,37.47,-12.02,96.32,147.95,32.27,7.63
PAL 5,-7.1,0.22,15.74,49.28,-144.14,-10.2
PAL 6,1.14,0.26,0.22,-194.0,-52.44,181.72
PAL 8,-2.72,2.74,-1.34,-46.04,-67.23,-26.26
PATCHICK 126,0.66,-2.68,-0.53,210.96,-6.02,6.65
PYXIS,13.65,-35.84,4.45,-107.18,215.25,159.69
RUP 106,-2.23,-17.41,4.19,118.81,226.1,31.88
SAGITTARIUS II,-49.79,19.89,-25.88,-22.93,-119.98,199.42
TER 1,2.51,-0.24,0.1,-62.2,97.77,2.95
TER 10,-2.0,0.79,-0.33,-249.96,-1.58,225.31
TER 12,3.07,0.75,-0.19,-127.81,128.87,101.76
TER 2,0.45,-0.5,0.31,-131.58,9.08,-49.5
TER 3,0.89,-1.94,1.22,181.97,113.2,89.05
TER 4,0.61,-0.53,0.17,54.76,39.76,94.74
TER 5,1.58,0.44,0.19,58.48,79.79,-27.76
TER 6,0.91,-0.18,-0.27,-141.03,-60.0,18.66
TER 7,-14.59,1.35,-8.33,-266.95,-29.06,196.22
TER 8,-16.74,2.51,-11.44,-278.55,-15.93,173.31
TER 9,2.42,0.36,-0.2,-91.02,44.46,-47.51
TON 2,1.29,-1.12,-0.42,182.4,154.24,169.82
UKS 1,-7.34,1.39,0.21,-90.83,35.25,-40.64
VVV-CL001,0.13,0.74,0.11,304.62,100.38,81.91
VVV-CL160,1.48,1.2,0.04,-342.4,-200.24,-197.76
WHITING 1,22.41,4.73,-26.66,-246.96,32.88,-7.97
