cluster_key,ra_deg,dec_deg,distance_kpc,distance_sigma_kpc,pmra_masyr,pmdec_masyr,pmra_sigma_masyr,pmdec_sigma_masyr,pmra_pmdec_corr,vlos_kms,vlos_sigma_kms,pm_cov_ra_ra_mas2yr2,pm_cov_ra_dec_mas2yr2,pm_cov_dec_dec_mas2yr2,pm_cov_det,pm_cov_min_eig,pm_cov_max_eig,position_sampling,pm_sampling,distance_sampling,vlos_sampling,pm_distance_cross_covariance,rv_astrometry_cross_covariance,additional_pm_systematic_floor,distance_frac_sigma,pm_corr_abs
2MASS-GC01,272.09085099999999,-19.829723000000001,3.3700000000000001,0.62,-1.3660000000000001,-1.754,0.28599999999999998,0.22700000000000001,0.28000000000000003,-35.579999999999998,0.34999999999999998,0.08179599999999998,0.018178159999999999,0.051529000000000005,0.0038844205830143993,0.043009417257245303,0.090315582742754669,FIXED_CENTRE,CORRELATED_GAUSSIAN_2D,TRUNCATED_GAUSSIAN_D_GT_0,GAUSSIAN_1D,UNPUBLISHED_ASSUMED_ZERO_BASELINE,UNPUBLISHED_ASSUMED_ZERO_BASELINE,NONE_DO_NOT_DOUBLE_COUNT,0.18397626112759644,0.28000000000000003
2MASS-GC02,272.40210000000002,-20.778888999999999,5.5,0.44,-2.9239999999999999,-3.7759999999999998,0.22,0.17399999999999999,0.46999999999999997,-87.5,2.8300000000000001,0.048399999999999999,0.017991599999999996,0.030275999999999997,0.00114166072944,0.019193087129500908,0.059482912870499088,FIXED_CENTRE,CORRELATED_GAUSSIAN_2D,TRUNCATED_GAUSSIAN_D_GT_0,GAUSSIAN_1D,UNPUBLISHED_ASSUMED_ZERO_BASELINE,UNPUBLISHED_ASSUMED_ZERO_BASELINE,NONE_DO_NOT_DOUBLE_COUNT,0.080000000000000002,0.46999999999999997
AM 1,58.759585999999999,-49.615276000000001,118.91,3.3999999999999999,0.38400000000000001,-0.19600000000000001,0.066000000000000003,0.082000000000000003,-0.20999999999999999,118,14.140000000000001,0.0043560000000000005,-0.00113652,0.0067240000000000008,2.7998066289600005e-05,0.0038988011362421681,0.0071811988637578332,FIXED_CENTRE,CORRELATED_GAUSSIAN_2D,TRUNCATED_GAUSSIAN_D_GT_0,GAUSSIAN_1D,UNPUBLISHED_ASSUMED_ZERO_BASELINE,UNPUBLISHED_ASSUMED_ZERO_BASELINE,NONE_DO_NOT_DOUBLE_COUNT,0.028593053569926835,0.20999999999999999
AM 4,209.089066,-27.165171000000001,29.010000000000002,0.93999999999999995,-0.53800000000000003,-2.4849999999999999,0.30599999999999999,0.34899999999999998,-0.46000000000000002,151.19,2.8500000000000001,0.093635999999999997,-0.049125239999999994,0.12180099999999998,0.0089916692309423979,0.056614625280879148,0.15882237471912083,FIXED_CENTRE,CORRELATED_GAUSSIAN_2D,TRUNCATED_GAUSSIAN_D_GT_0,GAUSSIAN_1D,UNPUBLISHED_ASSUMED_ZERO_BASELINE,UNPUBLISHED_ASSUMED_ZERO_BASELINE,NONE_DO_NOT_DOUBLE_COUNT,0.03240261978628059,0.46000000000000002
ARP 2,292.183807,-30.355639,28.73,0.34000000000000002,-2.3170000000000002,-1.4870000000000001,0.012,0.01,0.20999999999999999,122.64,0.28999999999999998,0.000144,2.5200000000000003e-05,0.0001,1.3764960000000002e-08,8.85479447567119e-05,0.00015545205524328812,FIXED_CENTRE,CORRELATED_GAUSSIAN_2D,TRUNCATED_GAUSSIAN_D_GT_0,GAUSSIAN_1D,UNPUBLISHED_ASSUMED_ZERO_BASELINE,UNPUBLISHED_ASSUMED_ZERO_BASELINE,NONE_DO_NOT_DOUBLE_COUNT,0.01183431952662722,0.20999999999999999
BH 140,193.472915,-67.177276000000006,4.8099999999999996,0.25,-14.901,1.258,0.069000000000000006,0.072999999999999995,0.17000000000000001,90.299999999999997,0.34999999999999998,0.0047610000000000005,0.00085629000000000011,0.0053289999999999995,2.4638136435899999e-05,0.004142842273158402,0.005947157726841598,FIXED_CENTRE,CORRELATED_GAUSSIAN_2D,TRUNCATED_GAUSSIAN_D_GT_0,GAUSSIAN_1D,UNPUBLISHED_ASSUMED_ZERO_BASELINE,UNPUBLISHED_ASSUMED_ZERO_BASELINE,NONE_DO_NOT_DOUBLE_COUNT,0.051975051975051978,0.17000000000000001
BH 261,273.52749999999997,-28.635000000000002,6.1200000000000001,0.26000000000000001,3.589,-3.5699999999999998,0.021999999999999999,0.02,0.25,-60,2.2400000000000002,0.00048399999999999995,0.00010999999999999999,0.00040000000000000002,1.8149999999999998e-07,0.00032425451176371984,0.00055974548823628024,FIXED_CENTRE,CORRELATED_GAUSSIAN_2D,TRUNCATED_GAUSSIAN_D_GT_0,GAUSSIAN_1D,UNPUBLISHED_ASSUMED_ZERO_BASELINE,UNPUBLISHED_ASSUMED_ZERO_BASELINE,NONE_DO_NOT_DOUBLE_COUNT,0.042483660130718956,0.25
CRATER,174.06874999999999,-10.876972,147.22999999999999,4.2699999999999996,-0.012999999999999999,-0.13200000000000001,0.112,0.095000000000000001,-0.27000000000000002,148.09999999999999,0.65000000000000002,0.012544000000000001,-0.0028728000000000004,0.009025,0.00010495662016,0.0074156990130018075,0.014153300986998194,FIXED_CENTRE,CORRELATED_GAUSSIAN_2D,TRUNCATED_GAUSSIAN_D_GT_0,GAUSSIAN_1D,UNPUBLISHED_ASSUMED_ZERO_BASELINE,UNPUBLISHED_ASSUMED_ZERO_BASELINE,NONE_DO_NOT_DOUBLE_COUNT,0.029002241391020849,0.27000000000000002
DJOR 1,266.86958299999998,-33.066389000000001,9.8800000000000008,0.65000000000000002,-4.7249999999999996,-8.4700000000000006,0.028000000000000001,0.021000000000000001,-0.02,-359.18000000000001,1.6399999999999999,0.00078400000000000008,-1.1760000000000003e-05,0.00044100000000000004,3.4560570240000009e-07,0.0004405972728546752,0.00078440272714532498,FIXED_CENTRE,CORRELATED_GAUSSIAN_2D,TRUNCATED_GAUSSIAN_D_GT_0,GAUSSIAN_1D,UNPUBLISHED_ASSUMED_ZERO_BASELINE,UNPUBLISHED_ASSUMED_ZERO_BASELINE,NONE_DO_NOT_DOUBLE_COUNT,0.065789473684210523,0.02
E 3,140.23779300000001,-77.281891000000002,7.8799999999999999,0.25,-2.734,7.0880000000000001,0.025000000000000001,0.025000000000000001,0.02,11.699999999999999,0.41999999999999998,0.00062500000000000012,1.2500000000000001e-05,0.00062500000000000012,3.9046875000000015e-07,0.00061250000000000009,0.00063750000000000015,FIXED_CENTRE,CORRELATED_GAUSSIAN_2D,TRUNCATED_GAUSSIAN_D_GT_0,GAUSSIAN_1D,UNPUBLISHED_ASSUMED_ZERO_BASELINE,UNPUBLISHED_ASSUMED_ZERO_BASELINE,NONE_DO_NOT_DOUBLE_COUNT,0.031725888324873094,0.02
ERIDANUS,66.185608000000002,-21.186781,84.680000000000007,2.8900000000000001,0.47699999999999998,-0.29499999999999998,0.029000000000000001,0.035000000000000003,-0.23000000000000001,-22.91,0.71999999999999997,0.00084100000000000006,-0.00023345000000000004,0.0012250000000000002,9.757260975000001e-07,0.00073073703088204797,0.0013352629691179522,FIXED_CENTRE,CORRELATED_GAUSSIAN_2D,TRUNCATED_GAUSSIAN_D_GT_0,GAUSSIAN_1D,UNPUBLISHED_ASSUMED_ZERO_BASELINE,UNPUBLISHED_ASSUMED_ZERO_BASELINE,NONE_DO_NOT_DOUBLE_COUNT,0.0341284837033538,0.23000000000000001
ESO 280-SC06,272.27499999999998,-46.423333,20.949999999999999,0.65000000000000002,-0.69499999999999995,-2.7759999999999998,0.02,0.016,0.23000000000000001,93.200000000000003,0.34000000000000002,0.00040000000000000002,7.36e-05,0.00025599999999999999,9.6983040000000002e-08,0.00022503903652354451,0.0004309609634764555,FIXED_CENTRE,CORRELATED_GAUSSIAN_2D,TRUNCATED_GAUSSIAN_D_GT_0,GAUSSIAN_1D,UNPUBLISHED_ASSUMED_ZERO_BASELINE,UNPUBLISHED_ASSUMED_ZERO_BASELINE,NONE_DO_NOT_DOUBLE_COUNT,0.031026252983293558,0.23000000000000001
ESO 452-SC11,249.85416699999999,-28.399166999999998,7.3899999999999997,0.20000000000000001,-1.4370000000000001,-6.4710000000000001,0.024,0.021999999999999999,-0.25,16.75,0.44,0.00057600000000000001,-0.00013199999999999998,0.00048399999999999995,2.6135999999999995e-07,0.00039021444995994756,0.00066978555004005235,FIXED_CENTRE,CORRELATED_GAUSSIAN_2D,TRUNCATED_GAUSSIAN_D_GT_0,GAUSSIAN_1D,UNPUBLISHED_ASSUMED_ZERO_BASELINE,UNPUBLISHED_ASSUMED_ZERO_BASELINE,NONE_DO_NOT_DOUBLE_COUNT,0.027063599458728015,0.25
ESO 456-SC29,269.65100000000001,-32.020000000000003,8.2699999999999996,0.67000000000000004,-8.0440000000000005,-8.0489999999999995,0.037999999999999999,0.031,0.41999999999999998,78.939999999999998,1.4399999999999999,0.001444,0.0004947599999999999,0.00096099999999999994,1.1428965423999999e-06,0.00065194599937880759,0.0017530540006211923,FIXED_CENTRE,CORRELATED_GAUSSIAN_2D,TRUNCATED_GAUSSIAN_D_GT_0,GAUSSIAN_1D,UNPUBLISHED_ASSUMED_ZERO_BASELINE,UNPUBLISHED_ASSUMED_ZERO_BASELINE,NONE_DO_NOT_DOUBLE_COUNT,0.081015719467956479,0.41999999999999998
ESO 456-SC38,270.45437800000002,-27.825818999999999,8.7599999999999998,0.17999999999999999,0.71999999999999997,-3.0030000000000001,0.021000000000000001,0.017999999999999999,0.01,-149.75,1.1000000000000001,0.00044100000000000004,3.7799999999999998e-06,0.00032399999999999996,1.4286971159999999e-07,0.00032387800412814313,0.00044112199587185692,FIXED_CENTRE,CORRELATED_GAUSSIAN_2D,TRUNCATED_GAUSSIAN_D_GT_0,GAUSSIAN_1D,UNPUBLISHED_ASSUMED_ZERO_BASELINE,UNPUBLISHED_ASSUMED_ZERO_BASELINE,NONE_DO_NOT_DOUBLE_COUNT,0.020547945205479451,0.01
FSR 1716,242.625,-53.748888999999998,7.4299999999999997,0.27000000000000002,-4.407,-8.8620000000000001,0.029000000000000001,0.025999999999999999,-0.11,-30.699999999999999,0.97999999999999998,0.00084100000000000006,-8.2940000000000002e-05,0.00067599999999999995,5.6163695639999994e-07,0.00064151584038853811,0.00087548415961146201,FIXED_CENTRE,CORRELATED_GAUSSIAN_2D,TRUNCATED_GAUSSIAN_D_GT_0,GAUSSIAN_1D,UNPUBLISHED_ASSUMED_ZERO_BASELINE,UNPUBLISHED_ASSUMED_ZERO_BASELINE,NONE_DO_NOT_DOUBLE_COUNT,0.036339165545087489,0.11
FSR 1735,253.044174,-47.058056000000001,9.0800000000000001,0.53000000000000003,-4.5700000000000003,-1.5149999999999999,0.053999999999999999,0.045999999999999999,-0.11,-69.849999999999994,4.8799999999999999,0.0029159999999999998,-0.00027324000000000001,0.0021159999999999998,6.0955959023999989e-06,0.0020315827236771999,0.0030004172763228002,FIXED_CENTRE,CORRELATED_GAUSSIAN_2D,TRUNCATED_GAUSSIAN_D_GT_0,GAUSSIAN_1D,UNPUBLISHED_ASSUMED_ZERO_BASELINE,UNPUBLISHED_ASSUMED_ZERO_BASELINE,NONE_DO_NOT_DOUBLE_COUNT,0.058370044052863439,0.11
FSR 1758,262.80000000000001,-39.808,11.09,0.73999999999999999,-2.875,2.5089999999999999,0.0080000000000000002,0.0070000000000000001,0.080000000000000002,227.31,0.58999999999999997,6.3999999999999997e-05,4.4800000000000003e-06,4.9000000000000005e-05,3.1159296000000003e-09,4.7763845239466062e-05,6.5236154760533948e-05,FIXED_CENTRE,CORRELATED_GAUSSIAN_2D,TRUNCATED_GAUSSIAN_D_GT_0,GAUSSIAN_1D,UNPUBLISHED_ASSUMED_ZERO_BASELINE,UNPUBLISHED_ASSUMED_ZERO_BASELINE,NONE_DO_NOT_DOUBLE_COUNT,0.066726780883678991,0.080000000000000002
GRAN 2,257.88999999999999,-24.849,15.84,1.55,0.22700000000000001,-2.5680000000000001,0.027,0.021999999999999999,-0.02,53.219999999999999,1.6699999999999999,0.00072899999999999994,-1.188e-05,0.00048399999999999995,3.526948655999999e-07,0.0004834252893564238,0.00072957471064357608,FIXED_CENTRE,CORRELATED_GAUSSIAN_2D,TRUNCATED_GAUSSIAN_D_GT_0,GAUSSIAN_1D,UNPUBLISHED_ASSUMED_ZERO_BASELINE,UNPUBLISHED_ASSUMED_ZERO_BASELINE,NONE_DO_NOT_DOUBLE_COUNT,0.097853535353535359,0.02
GRAN 3,256.25599999999997,-35.496000000000002,11.470000000000001,0.75,-3.851,0.498,0.065000000000000002,0.049000000000000002,-0.17999999999999999,94.870000000000005,1.5800000000000001,0.0042250000000000005,-0.0005733,0.0024010000000000004,9.8155521100000015e-06,0.0022357735196347987,0.0043902264803652022,FIXED_CENTRE,CORRELATED_GAUSSIAN_2D,TRUNCATED_GAUSSIAN_D_GT_0,GAUSSIAN_1D,UNPUBLISHED_ASSUMED_ZERO_BASELINE,UNPUBLISHED_ASSUMED_ZERO_BASELINE,NONE_DO_NOT_DOUBLE_COUNT,0.065387968613775063,0.17999999999999999
GRAN 5,267.22800000000001,-24.170000000000002,4.9100000000000001,0.31,-5.3529999999999998,-9.3119999999999994,0.045999999999999999,0.042999999999999997,0.059999999999999998,-58.869999999999997,3.27,0.0021159999999999998,0.00011867999999999998,0.0018489999999999997,3.8983990575999993e-06,0.0018038741552854121,0.0021611258447145876,FIXED_CENTRE,CORRELATED_GAUSSIAN_2D,TRUNCATED_GAUSSIAN_D_GT_0,GAUSSIAN_1D,UNPUBLISHED_ASSUMED_ZERO_BASELINE,UNPUBLISHED_ASSUMED_ZERO_BASELINE,NONE_DO_NOT_DOUBLE_COUNT,0.06313645621181263,0.059999999999999998
HP 1,262.77166699999998,-29.981667000000002,7,0.14000000000000001,2.5,-10.048999999999999,0.028000000000000001,0.027,0.17000000000000001,39.759999999999998,1.22,0.00078400000000000008,0.00012852,0.00072899999999999994,5.5501860959999996e-07,0.00062507077798297668,0.00088792922201702334,FIXED_CENTRE,CORRELATED_GAUSSIAN_2D,TRUNCATED_GAUSSIAN_D_GT_0,GAUSSIAN_1D,UNPUBLISHED_ASSUMED_ZERO_BASELINE,UNPUBLISHED_ASSUMED_ZERO_BASELINE,NONE_DO_NOT_DOUBLE_COUNT,0.02,0.17000000000000001
IC 1257,261.78543100000002,-7.0930559999999998,26.59,1.4299999999999999,-1.0289999999999999,-1.49,0.025000000000000001,0.019,0.23999999999999999,-137.97,2.04,0.00062500000000000012,0.00011400000000000001,0.00036099999999999999,2.1262900000000004e-07,0.00031858669775501641,0.00066741330224498376,FIXED_CENTRE,CORRELATED_GAUSSIAN_2D,TRUNCATED_GAUSSIAN_D_GT_0,GAUSSIAN_1D,UNPUBLISHED_ASSUMED_ZERO_BASELINE,UNPUBLISHED_ASSUMED_ZERO_BASELINE,NONE_DO_NOT_DOUBLE_COUNT,0.05377961639714178,0.23999999999999999
IC 1276,272.68444099999999,-7.2075950000000004,4.5499999999999998,0.25,-2.5550000000000002,-4.5860000000000003,0.014999999999999999,0.014999999999999999,0.040000000000000001,155.06,0.68999999999999995,0.00022499999999999999,8.9999999999999985e-06,0.00022499999999999999,5.0543999999999999e-08,0.00021599999999999999,0.000234,FIXED_CENTRE,CORRELATED_GAUSSIAN_2D,TRUNCATED_GAUSSIAN_D_GT_0,GAUSSIAN_1D,UNPUBLISHED_ASSUMED_ZERO_BASELINE,UNPUBLISHED_ASSUMED_ZERO_BASELINE,NONE_DO_NOT_DOUBLE_COUNT,0.054945054945054944,0.040000000000000001
IC 4499,225.07718800000001,-82.213791999999998,18.890000000000001,0.25,0.45700000000000002,-0.49199999999999999,0.0070000000000000001,0.0070000000000000001,-0.050000000000000003,38.409999999999997,0.31,4.9000000000000005e-05,-2.4500000000000003e-06,4.9000000000000005e-05,2.3949975000000005e-09,4.6550000000000007e-05,5.1450000000000004e-05,FIXED_CENTRE,CORRELATED_GAUSSIAN_2D,TRUNCATED_GAUSSIAN_D_GT_0,GAUSSIAN_1D,UNPUBLISHED_ASSUMED_ZERO_BASELINE,UNPUBLISHED_ASSUMED_ZERO_BASELINE,NONE_DO_NOT_DOUBLE_COUNT,0.013234515616728428,0.050000000000000003
LAEVENS 3,316.72669999999999,14.980499999999999,61.770000000000003,1.6499999999999999,0.24199999999999999,-0.748,0.10199999999999999,0.079000000000000001,0.070000000000000007,-70.299999999999997,0.81999999999999995,0.010403999999999998,0.00056406000000000002,0.006241,6.4613200316399982e-05,0.0061659272714327494,0.010479072728567251,FIXED_CENTRE,CORRELATED_GAUSSIAN_2D,TRUNCATED_GAUSSIAN_D_GT_0,GAUSSIAN_1D,UNPUBLISHED_ASSUMED_ZERO_BASELINE,UNPUBLISHED_ASSUMED_ZERO_BASELINE,NONE_DO_NOT_DOUBLE_COUNT,0.026711996114618743,0.070000000000000007
LILLER 1,263.35233299999999,-33.389555999999999,8.0600000000000005,0.34000000000000002,-5.1829999999999998,-6.9790000000000001,0.17599999999999999,0.14299999999999999,0.34999999999999998,60.359999999999999,2.4399999999999999,0.030975999999999997,0.0088087999999999986,0.020448999999999995,0.00055583326655999981,0.015450950911777497,0.035974049088222493,FIXED_CENTRE,CORRELATED_GAUSSIAN_2D,TRUNCATED_GAUSSIAN_D_GT_0,GAUSSIAN_1D,UNPUBLISHED_ASSUMED_ZERO_BASELINE,UNPUBLISHED_ASSUMED_ZERO_BASELINE,NONE_DO_NOT_DOUBLE_COUNT,0.042183622828784122,0.34999999999999998
LYNGA 7,242.76521299999999,-55.317776000000002,7.9000000000000004,0.16,-3.8359999999999999,-7.0709999999999997,0.060999999999999999,0.052999999999999999,0.19,17.859999999999999,0.82999999999999996,0.0037209999999999999,0.00061426999999999999,0.0028089999999999999,1.0074961367099999e-05,0.0024999747501552642,0.0040300252498447348,FIXED_CENTRE,CORRELATED_GAUSSIAN_2D,TRUNCATED_GAUSSIAN_D_GT_0,GAUSSIAN_1D,UNPUBLISHED_ASSUMED_ZERO_BASELINE,UNPUBLISHED_ASSUMED_ZERO_BASELINE,NONE_DO_NOT_DOUBLE_COUNT,0.020253164556962026,0.19
NGC 104,6.0237920000000003,-72.081305999999998,4.5199999999999996,0.029999999999999999,5.2530000000000001,-2.5569999999999999,0.0080000000000000002,0.0080000000000000002,-0.029999999999999999,-17.449999999999999,0.16,6.3999999999999997e-05,-1.9200000000000003e-06,6.3999999999999997e-05,4.0923136000000002e-09,6.2080000000000002e-05,6.5919999999999992e-05,FIXED_CENTRE,CORRELATED_GAUSSIAN_2D,TRUNCATED_GAUSSIAN_D_GT_0,GAUSSIAN_1D,UNPUBLISHED_ASSUMED_ZERO_BASELINE,UNPUBLISHED_ASSUMED_ZERO_BASELINE,NONE_DO_NOT_DOUBLE_COUNT,0.0066371681415929211,0.029999999999999999
NGC 1261,48.067543000000001,-55.216225000000001,16.399999999999999,0.19,1.599,-2.0640000000000001,0.0089999999999999993,0.0089999999999999993,0.059999999999999998,71.340000000000003,0.20999999999999999,8.099999999999999e-05,4.8599999999999984e-06,8.099999999999999e-05,6.5373803999999981e-09,7.6139999999999986e-05,8.5859999999999994e-05,FIXED_CENTRE,CORRELATED_GAUSSIAN_2D,TRUNCATED_GAUSSIAN_D_GT_0,GAUSSIAN_1D,UNPUBLISHED_ASSUMED_ZERO_BASELINE,UNPUBLISHED_ASSUMED_ZERO_BASELINE,NONE_DO_NOT_DOUBLE_COUNT,0.011585365853658538,0.059999999999999998
NGC 1851,78.52816,-40.046554999999998,11.949999999999999,0.13,2.1379999999999999,-0.67000000000000004,0.0080000000000000002,0.0080000000000000002,-0.14999999999999999,321.39999999999998,1.55,6.3999999999999997e-05,-9.5999999999999996e-06,6.3999999999999997e-05,4.0038400000000001e-09,5.4399999999999994e-05,7.36e-05,FIXED_CENTRE,CORRELATED_GAUSSIAN_2D,TRUNCATED_GAUSSIAN_D_GT_0,GAUSSIAN_1D,UNPUBLISHED_ASSUMED_ZERO_BASELINE,UNPUBLISHED_ASSUMED_ZERO_BASELINE,NONE_DO_NOT_DOUBLE_COUNT,0.01087866108786611,0.14999999999999999
NGC 1904,81.045837000000006,-24.524415999999999,13.08,0.17999999999999999,2.4700000000000002,-1.599,0.0070000000000000001,0.0080000000000000002,0.02,205.75999999999999,0.20000000000000001,4.9000000000000005e-05,1.1200000000000001e-06,6.3999999999999997e-05,3.1347456000000004e-09,4.8916834434090215e-05,6.4083165565909794e-05,FIXED_CENTRE,CORRELATED_GAUSSIAN_2D,TRUNCATED_GAUSSIAN_D_GT_0,GAUSSIAN_1D,UNPUBLISHED_ASSUMED_ZERO_BASELINE,UNPUBLISHED_ASSUMED_ZERO_BASELINE,NONE_DO_NOT_DOUBLE_COUNT,0.013761467889908256,0.02
NGC 2298,102.24754299999999,-36.005305999999997,9.8300000000000001,0.17000000000000001,3.3119999999999998,-2.1829999999999998,0.0070000000000000001,0.0070000000000000001,0.089999999999999997,147.15000000000001,0.56999999999999995,4.9000000000000005e-05,4.4100000000000001e-06,4.9000000000000005e-05,2.3815519000000005e-09,4.4590000000000005e-05,5.3410000000000005e-05,FIXED_CENTRE,CORRELATED_GAUSSIAN_2D,TRUNCATED_GAUSSIAN_D_GT_0,GAUSSIAN_1D,UNPUBLISHED_ASSUMED_ZERO_BASELINE,UNPUBLISHED_ASSUMED_ZERO_BASELINE,NONE_DO_NOT_DOUBLE_COUNT,0.017293997965412006,0.089999999999999997
NGC 2419,114.535286,38.881943999999997,88.469999999999999,2.3999999999999999,0.002,-0.54000000000000004,0.012,0.0080000000000000002,0.14000000000000001,-21.100000000000001,0.31,0.000144,1.3440000000000002e-05,6.3999999999999997e-05,9.0353663999999988e-09,6.1802445568492952e-05,0.00014619755443150706,FIXED_CENTRE,CORRELATED_GAUSSIAN_2D,TRUNCATED_GAUSSIAN_D_GT_0,GAUSSIAN_1D,UNPUBLISHED_ASSUMED_ZERO_BASELINE,UNPUBLISHED_ASSUMED_ZERO_BASELINE,NONE_DO_NOT_DOUBLE_COUNT,0.02712783994574432,0.14000000000000001
NGC 2808,138.01290900000001,-64.863495,10.06,0.11,1.004,0.26900000000000002,0.0070000000000000001,0.0070000000000000001,-0.029999999999999999,103.56999999999999,0.27000000000000002,4.9000000000000005e-05,-1.4700000000000001e-06,4.9000000000000005e-05,2.3988391000000005e-09,4.7530000000000007e-05,5.0470000000000003e-05,FIXED_CENTRE,CORRELATED_GAUSSIAN_2D,TRUNCATED_GAUSSIAN_D_GT_0,GAUSSIAN_1D,UNPUBLISHED_ASSUMED_ZERO_BASELINE,UNPUBLISHED_ASSUMED_ZERO_BASELINE,NONE_DO_NOT_DOUBLE_COUNT,0.010934393638170973,0.029999999999999999
NGC 288,13.188499999999999,-26.582611,8.9900000000000002,0.089999999999999997,4.157,-5.7050000000000001,0.0040000000000000001,0.0040000000000000001,0.45000000000000001,-44.450000000000003,0.13,1.5999999999999999e-05,7.2000000000000005e-06,1.5999999999999999e-05,2.0416e-10,8.7999999999999988e-06,2.3200000000000001e-05,FIXED_CENTRE,CORRELATED_GAUSSIAN_2D,TRUNCATED_GAUSSIAN_D_GT_0,GAUSSIAN_1D,UNPUBLISHED_ASSUMED_ZERO_BASELINE,UNPUBLISHED_ASSUMED_ZERO_BASELINE,NONE_DO_NOT_DOUBLE_COUNT,0.010011123470522803,0.45000000000000001
NGC 3201,154.40342699999999,-46.412475999999998,4.7400000000000002,0.040000000000000001,8.3499999999999996,-1.976,0.0050000000000000001,0.0050000000000000001,0.17999999999999999,495.38999999999999,0.059999999999999998,2.5000000000000001e-05,4.5000000000000001e-06,2.5000000000000001e-05,6.0475000000000001e-10,2.05e-05,2.9500000000000002e-05,FIXED_CENTRE,CORRELATED_GAUSSIAN_2D,TRUNCATED_GAUSSIAN_D_GT_0,GAUSSIAN_1D,UNPUBLISHED_ASSUMED_ZERO_BASELINE,UNPUBLISHED_ASSUMED_ZERO_BASELINE,NONE_DO_NOT_DOUBLE_COUNT,0.0084388185654008432,0.17999999999999999
NGC 362,15.809416000000001,-70.848777999999996,8.8300000000000001,0.10000000000000001,6.6920000000000002,-2.5329999999999999,0.0089999999999999993,0.0089999999999999993,-0.14999999999999999,223.12,0.28000000000000003,8.099999999999999e-05,-1.2149999999999997e-05,8.099999999999999e-05,6.4133774999999988e-09,6.8849999999999993e-05,9.3149999999999987e-05,FIXED_CENTRE,CORRELATED_GAUSSIAN_2D,TRUNCATED_GAUSSIAN_D_GT_0,GAUSSIAN_1D,UNPUBLISHED_ASSUMED_ZERO_BASELINE,UNPUBLISHED_ASSUMED_ZERO_BASELINE,NONE_DO_NOT_DOUBLE_COUNT,0.011325028312570783,0.14999999999999999
NGC 4147,182.52626000000001,18.542639000000001,18.539999999999999,0.20999999999999999,-1.6899999999999999,-2.0920000000000001,0.014,0.012999999999999999,-0.32000000000000001,179.34999999999999,0.31,0.00019600000000000002,-5.8240000000000005e-05,0.00016899999999999999,2.9732102399999997e-08,0.00012271582483633313,0.00024228417516366686,FIXED_CENTRE,CORRELATED_GAUSSIAN_2D,TRUNCATED_GAUSSIAN_D_GT_0,GAUSSIAN_1D,UNPUBLISHED_ASSUMED_ZERO_BASELINE,UNPUBLISHED_ASSUMED_ZERO_BASELINE,NONE_DO_NOT_DOUBLE_COUNT,0.011326860841423949,0.32000000000000001
NGC 4372,186.43910099999999,-72.659083999999993,5.71,0.20999999999999999,-6.4089999999999998,3.3090000000000002,0.0040000000000000001,0.0050000000000000001,0.17999999999999999,75.590000000000003,0.29999999999999999,1.5999999999999999e-05,3.5999999999999998e-06,2.5000000000000001e-05,3.8704000000000004e-10,1.4737188186310435e-05,2.6262811813689565e-05,FIXED_CENTRE,CORRELATED_GAUSSIAN_2D,TRUNCATED_GAUSSIAN_D_GT_0,GAUSSIAN_1D,UNPUBLISHED_ASSUMED_ZERO_BASELINE,UNPUBLISHED_ASSUMED_ZERO_BASELINE,NONE_DO_NOT_DOUBLE_COUNT,0.036777583187390543,0.17999999999999999
NGC 4590,189.86657700000001,-26.744057000000002,10.4,0.10000000000000001,-2.7320000000000002,1.764,0.0050000000000000001,0.0050000000000000001,-0.14999999999999999,-93.109999999999999,0.17999999999999999,2.5000000000000001e-05,-3.7500000000000001e-06,2.5000000000000001e-05,6.1093749999999999e-10,2.1250000000000002e-05,2.8750000000000001e-05,FIXED_CENTRE,CORRELATED_GAUSSIAN_2D,TRUNCATED_GAUSSIAN_D_GT_0,GAUSSIAN_1D,UNPUBLISHED_ASSUMED_ZERO_BASELINE,UNPUBLISHED_ASSUMED_ZERO_BASELINE,NONE_DO_NOT_DOUBLE_COUNT,0.0096153846153846159,0.14999999999999999
NGC 4833,194.89134200000001,-70.876503,6.4800000000000004,0.080000000000000002,-8.3900000000000006,-0.96799999999999997,0.0060000000000000001,0.0060000000000000001,0.19,201.99000000000001,0.40000000000000002,3.6000000000000001e-05,6.8399999999999997e-06,3.6000000000000001e-05,1.2492144e-09,2.9160000000000002e-05,4.2840000000000003e-05,FIXED_CENTRE,CORRELATED_GAUSSIAN_2D,TRUNCATED_GAUSSIAN_D_GT_0,GAUSSIAN_1D,UNPUBLISHED_ASSUMED_ZERO_BASELINE,UNPUBLISHED_ASSUMED_ZERO_BASELINE,NONE_DO_NOT_DOUBLE_COUNT,0.012345679012345678,0.19
NGC 5024,198.230209,18.168164999999998,18.5,0.17999999999999999,-0.13100000000000001,-1.3320000000000001,0.0050000000000000001,0.0050000000000000001,-0.34000000000000002,-63.369999999999997,0.25,2.5000000000000001e-05,-8.5000000000000016e-06,2.5000000000000001e-05,5.5274999999999998e-10,1.6500000000000001e-05,3.3500000000000001e-05,FIXED_CENTRE,CORRELATED_GAUSSIAN_2D,TRUNCATED_GAUSSIAN_D_GT_0,GAUSSIAN_1D,UNPUBLISHED_ASSUMED_ZERO_BASELINE,UNPUBLISHED_ASSUMED_ZERO_BASELINE,NONE_DO_NOT_DOUBLE_COUNT,0.0097297297297297292,0.34000000000000002
NGC 5053,199.11288500000001,17.700251000000002,17.539999999999999,0.23000000000000001,-0.33800000000000002,-1.214,0.0070000000000000001,0.0070000000000000001,-0.34000000000000002,42.82,0.25,4.9000000000000005e-05,-1.6660000000000003e-05,4.9000000000000005e-05,2.1234444000000004e-09,3.2340000000000005e-05,6.5660000000000005e-05,FIXED_CENTRE,CORRELATED_GAUSSIAN_2D,TRUNCATED_GAUSSIAN_D_GT_0,GAUSSIAN_1D,UNPUBLISHED_ASSUMED_ZERO_BASELINE,UNPUBLISHED_ASSUMED_ZERO_BASELINE,NONE_DO_NOT_DOUBLE_COUNT,0.013112884834663626,0.34000000000000002
NGC 5139,201.696991,-47.479472999999999,5.4299999999999997,0.050000000000000003,-3.2360000000000002,-6.7309999999999999,0.010999999999999999,0.010999999999999999,-0.12,232.78,0.20999999999999999,0.00012099999999999999,-1.4519999999999997e-05,0.00012099999999999999,1.4430169599999997e-08,0.00010648,0.00013551999999999998,FIXED_CENTRE,CORRELATED_GAUSSIAN_2D,TRUNCATED_GAUSSIAN_D_GT_0,GAUSSIAN_1D,UNPUBLISHED_ASSUMED_ZERO_BASELINE,UNPUBLISHED_ASSUMED_ZERO_BASELINE,NONE_DO_NOT_DOUBLE_COUNT,0.0092081031307550652,0.12
NGC 5272,205.548416,28.377276999999999,10.18,0.080000000000000002,-0.153,-2.6789999999999998,0.0070000000000000001,0.0070000000000000001,0.14000000000000001,-147.19999999999999,0.27000000000000002,4.9000000000000005e-05,6.8600000000000012e-06,4.9000000000000005e-05,2.3539404000000008e-09,4.2140000000000006e-05,5.5860000000000004e-05,FIXED_CENTRE,CORRELATED_GAUSSIAN_2D,TRUNCATED_GAUSSIAN_D_GT_0,GAUSSIAN_1D,UNPUBLISHED_ASSUMED_ZERO_BASELINE,UNPUBLISHED_ASSUMED_ZERO_BASELINE,NONE_DO_NOT_DOUBLE_COUNT,0.0078585461689587438,0.14000000000000001
NGC 5286,206.61170999999999,-51.374248999999999,11.1,0.14000000000000001,0.187,-0.16,0.0070000000000000001,0.0070000000000000001,0.080000000000000002,62.380000000000003,0.40000000000000002,4.9000000000000005e-05,3.9200000000000006e-06,4.9000000000000005e-05,2.3856336000000009e-09,4.5080000000000002e-05,5.2920000000000008e-05,FIXED_CENTRE,CORRELATED_GAUSSIAN_2D,TRUNCATED_GAUSSIAN_D_GT_0,GAUSSIAN_1D,UNPUBLISHED_ASSUMED_ZERO_BASELINE,UNPUBLISHED_ASSUMED_ZERO_BASELINE,NONE_DO_NOT_DOUBLE_COUNT,0.012612612612612614,0.080000000000000002
NGC 5466,211.363709,28.534445000000002,16.120000000000001,0.16,-5.3360000000000003,-0.80900000000000005,0.0050000000000000001,0.0040000000000000001,0.17000000000000001,106.81999999999999,0.20000000000000001,2.5000000000000001e-05,3.4000000000000005e-06,1.5999999999999999e-05,3.8844e-10,1.485996453911857e-05,2.6140035460881431e-05,FIXED_CENTRE,CORRELATED_GAUSSIAN_2D,TRUNCATED_GAUSSIAN_D_GT_0,GAUSSIAN_1D,UNPUBLISHED_ASSUMED_ZERO_BASELINE,UNPUBLISHED_ASSUMED_ZERO_BASELINE,NONE_DO_NOT_DOUBLE_COUNT,0.0099255583126550868,0.17000000000000001
NGC 5634,217.40533500000001,-5.9764299999999997,25.960000000000001,0.62,-1.6899999999999999,-1.4890000000000001,0.0089999999999999993,0.0080000000000000002,-0.040000000000000001,-16.07,0.59999999999999998,8.099999999999999e-05,-2.88e-06,6.3999999999999997e-05,5.1757055999999991e-09,6.35253468033578e-05,8.1474653196642201e-05,FIXED_CENTRE,CORRELATED_GAUSSIAN_2D,TRUNCATED_GAUSSIAN_D_GT_0,GAUSSIAN_1D,UNPUBLISHED_ASSUMED_ZERO_BASELINE,UNPUBLISHED_ASSUMED_ZERO_BASELINE,NONE_DO_NOT_DOUBLE_COUNT,0.023882896764252697,0.040000000000000001
NGC 5694,219.90124499999999,-26.538775999999999,34.840000000000003,0.73999999999999999,-0.47599999999999998,-1.1020000000000001,0.012,0.010999999999999999,-0.35999999999999999,-139.55000000000001,0.48999999999999999,0.000144,-4.7519999999999999e-05,0.00012099999999999999,1.5165849599999997e-08,8.3608278819415652e-05,0.00018139172118058434,FIXED_CENTRE,CORRELATED_GAUSSIAN_2D,TRUNCATED_GAUSSIAN_D_GT_0,GAUSSIAN_1D,UNPUBLISHED_ASSUMED_ZERO_BASELINE,UNPUBLISHED_ASSUMED_ZERO_BASELINE,NONE_DO_NOT_DOUBLE_COUNT,0.021239954075774968,0.35999999999999999
NGC 5824,225.994156,-33.068137999999998,31.710000000000001,0.59999999999999998,-1.1930000000000001,-2.2280000000000002,0.01,0.0089999999999999993,-0.20000000000000001,-25.239999999999998,0.52000000000000002,0.0001,-1.8e-05,8.099999999999999e-05,7.7759999999999996e-09,7.0146867562952375e-05,0.00011085313243704763,FIXED_CENTRE,CORRELATED_GAUSSIAN_2D,TRUNCATED_GAUSSIAN_D_GT_0,GAUSSIAN_1D,UNPUBLISHED_ASSUMED_ZERO_BASELINE,UNPUBLISHED_ASSUMED_ZERO_BASELINE,NONE_DO_NOT_DOUBLE_COUNT,0.018921475875118259,0.20000000000000001
NGC 5897,229.35165900000001,-21.010121999999999,12.550000000000001,0.23999999999999999,-5.415,-3.3919999999999999,0.0060000000000000001,0.0060000000000000001,-0.33000000000000002,101.31,0.22,3.6000000000000001e-05,-1.188e-05,3.6000000000000001e-05,1.1548656e-09,2.4119999999999999e-05,4.7880000000000002e-05,FIXED_CENTRE,CORRELATED_GAUSSIAN_2D,TRUNCATED_GAUSSIAN_D_GT_0,GAUSSIAN_1D,UNPUBLISHED_ASSUMED_ZERO_BASELINE,UNPUBLISHED_ASSUMED_ZERO_BASELINE,NONE_DO_NOT_DOUBLE_COUNT,0.019123505976095617,0.33000000000000002
NGC 5904,229.63841199999999,2.0810279999999999,7.4800000000000004,0.059999999999999998,4.0730000000000004,-9.8719999999999999,0.0060000000000000001,0.0060000000000000001,-0.37,53.5,0.25,3.6000000000000001e-05,-1.3320000000000001e-05,3.6000000000000001e-05,1.1185776000000001e-09,2.268e-05,4.9320000000000002e-05,FIXED_CENTRE,CORRELATED_GAUSSIAN_2D,TRUNCATED_GAUSSIAN_D_GT_0,GAUSSIAN_1D,UNPUBLISHED_ASSUMED_ZERO_BASELINE,UNPUBLISHED_ASSUMED_ZERO_BASELINE,NONE_DO_NOT_DOUBLE_COUNT,0.0080213903743315499,0.37
NGC 5927,232.002869,-50.673031000000002,8.2699999999999996,0.11,-5.0579999999999998,-3.1859999999999999,0.0060000000000000001,0.0060000000000000001,-0.25,-104.09,0.28000000000000003,3.6000000000000001e-05,-9.0000000000000002e-06,3.6000000000000001e-05,1.215e-09,2.6999999999999999e-05,4.5000000000000003e-05,FIXED_CENTRE,CORRELATED_GAUSSIAN_2D,TRUNCATED_GAUSSIAN_D_GT_0,GAUSSIAN_1D,UNPUBLISHED_ASSUMED_ZERO_BASELINE,UNPUBLISHED_ASSUMED_ZERO_BASELINE,NONE_DO_NOT_DOUBLE_COUNT,0.013301088270858526,0.25
NGC 5946,233.86905100000001,-50.659713000000004,9.6400000000000006,0.51000000000000001,-5.3170000000000002,-1.639,0.014999999999999999,0.014999999999999999,-0.20000000000000001,137.59999999999999,0.93999999999999995,0.00022499999999999999,-4.4999999999999996e-05,0.00022499999999999999,4.8599999999999998e-08,0.00017999999999999998,0.00027,FIXED_CENTRE,CORRELATED_GAUSSIAN_2D,TRUNCATED_GAUSSIAN_D_GT_0,GAUSSIAN_1D,UNPUBLISHED_ASSUMED_ZERO_BASELINE,UNPUBLISHED_ASSUMED_ZERO_BASELINE,NONE_DO_NOT_DOUBLE_COUNT,0.052904564315352696,0.20000000000000001
NGC 5986,236.512497,-37.786414999999998,10.539999999999999,0.13,-4.1799999999999997,-4.5650000000000004,0.017000000000000001,0.017000000000000001,-0.14999999999999999,101.18000000000001,0.42999999999999999,0.00028900000000000003,-4.3350000000000003e-05,0.00028900000000000003,8.1641777500000024e-08,0.00024565000000000003,0.00033235000000000003,FIXED_CENTRE,CORRELATED_GAUSSIAN_2D,TRUNCATED_GAUSSIAN_D_GT_0,GAUSSIAN_1D,UNPUBLISHED_ASSUMED_ZERO_BASELINE,UNPUBLISHED_ASSUMED_ZERO_BASELINE,NONE_DO_NOT_DOUBLE_COUNT,0.012333965844402278,0.14999999999999999
NGC 6093,244.26004,-22.976084,10.34,0.12,-2.9369999999999998,-5.577,0.01,0.01,-0.33000000000000002,10.93,0.39000000000000001,0.0001,-3.3000000000000003e-05,0.0001,8.9109999999999995e-09,6.7000000000000002e-05,0.00013300000000000001,FIXED_CENTRE,CORRELATED_GAUSSIAN_2D,TRUNCATED_GAUSSIAN_D_GT_0,GAUSSIAN_1D,UNPUBLISHED_ASSUMED_ZERO_BASELINE,UNPUBLISHED_ASSUMED_ZERO_BASELINE,NONE_DO_NOT_DOUBLE_COUNT,0.01160541586073501,0.33000000000000002
NGC 6101,246.45048499999999,-72.202194000000006,14.449999999999999,0.19,1.76,-0.252,0.012,0.012,0.070000000000000007,366.32999999999998,0.32000000000000001,0.000144,1.0080000000000002e-05,0.000144,2.0634393600000001e-08,0.00013391999999999999,0.00015408000000000002,FIXED_CENTRE,CORRELATED_GAUSSIAN_2D,TRUNCATED_GAUSSIAN_D_GT_0,GAUSSIAN_1D,UNPUBLISHED_ASSUMED_ZERO_BASELINE,UNPUBLISHED_ASSUMED_ZERO_BASELINE,NONE_DO_NOT_DOUBLE_COUNT,0.01314878892733564,0.070000000000000007
NGC 6121,245.89674400000001,-26.525749000000001,1.8500000000000001,0.02,-12.510999999999999,-19.016999999999999,0.0070000000000000001,0.0070000000000000001,-0.20999999999999999,71.219999999999999,0.13,4.9000000000000005e-05,-1.029e-05,4.9000000000000005e-05,2.2951159000000006e-09,3.8710000000000007e-05,5.9290000000000003e-05,FIXED_CENTRE,CORRELATED_GAUSSIAN_2D,TRUNCATED_GAUSSIAN_D_GT_0,GAUSSIAN_1D,UNPUBLISHED_ASSUMED_ZERO_BASELINE,UNPUBLISHED_ASSUMED_ZERO_BASELINE,NONE_DO_NOT_DOUBLE_COUNT,0.01081081081081081,0.20999999999999999
NGC 6139,246.918466,-38.848782,10.039999999999999,0.45000000000000001,-6.0830000000000002,-2.7050000000000001,0.012,0.012,-0.050000000000000003,24.41,0.94999999999999996,0.000144,-7.2000000000000005e-06,0.000144,2.068416e-08,0.00013679999999999999,0.00015120000000000002,FIXED_CENTRE,CORRELATED_GAUSSIAN_2D,TRUNCATED_GAUSSIAN_D_GT_0,GAUSSIAN_1D,UNPUBLISHED_ASSUMED_ZERO_BASELINE,UNPUBLISHED_ASSUMED_ZERO_BASELINE,NONE_DO_NOT_DOUBLE_COUNT,0.044820717131474105,0.050000000000000003
NGC 6144,246.80777,-26.023499999999999,8.1500000000000004,0.13,-1.7370000000000001,-2.6240000000000001,0.017000000000000001,0.016,-0.22,194.78999999999999,0.57999999999999996,0.00028900000000000003,-5.9840000000000003e-05,0.00025599999999999999,7.0403174400000014e-08,0.00021042685282668519,0.00033457314717331483,FIXED_CENTRE,CORRELATED_GAUSSIAN_2D,TRUNCATED_GAUSSIAN_D_GT_0,GAUSSIAN_1D,UNPUBLISHED_ASSUMED_ZERO_BASELINE,UNPUBLISHED_ASSUMED_ZERO_BASELINE,NONE_DO_NOT_DOUBLE_COUNT,0.015950920245398771,0.22
NGC 6171,248.13275200000001,-13.053777999999999,5.6299999999999999,0.080000000000000002,-1.9359999999999999,-5.9790000000000001,0.0070000000000000001,0.0070000000000000001,-0.02,-34.710000000000001,0.17999999999999999,4.9000000000000005e-05,-9.8000000000000015e-07,4.9000000000000005e-05,2.4000396000000006e-09,4.8020000000000004e-05,4.9980000000000006e-05,FIXED_CENTRE,CORRELATED_GAUSSIAN_2D,TRUNCATED_GAUSSIAN_D_GT_0,GAUSSIAN_1D,UNPUBLISHED_ASSUMED_ZERO_BASELINE,UNPUBLISHED_ASSUMED_ZERO_BASELINE,NONE_DO_NOT_DOUBLE_COUNT,0.014209591474245116,0.02
NGC 6205,250.42181400000001,36.459862000000001,7.4199999999999999,0.080000000000000002,-3.1379999999999999,-2.5720000000000001,0.0060000000000000001,0.0060000000000000001,0.23000000000000001,-244.90000000000001,0.29999999999999999,3.6000000000000001e-05,8.2800000000000003e-06,3.6000000000000001e-05,1.2274416000000002e-09,2.7719999999999999e-05,4.4280000000000003e-05,FIXED_CENTRE,CORRELATED_GAUSSIAN_2D,TRUNCATED_GAUSSIAN_D_GT_0,GAUSSIAN_1D,UNPUBLISHED_ASSUMED_ZERO_BASELINE,UNPUBLISHED_ASSUMED_ZERO_BASELINE,NONE_DO_NOT_DOUBLE_COUNT,0.01078167115902965,0.23000000000000001
NGC 6218,251.809067,-1.948528,5.1100000000000003,0.050000000000000003,-0.19800000000000001,-6.8040000000000003,0.0050000000000000001,0.0050000000000000001,0.13,-41.670000000000002,0.14000000000000001,2.5000000000000001e-05,3.2500000000000006e-06,2.5000000000000001e-05,6.1443750000000003e-10,2.175e-05,2.8250000000000002e-05,FIXED_CENTRE,CORRELATED_GAUSSIAN_2D,TRUNCATED_GAUSSIAN_D_GT_0,GAUSSIAN_1D,UNPUBLISHED_ASSUMED_ZERO_BASELINE,UNPUBLISHED_ASSUMED_ZERO_BASELINE,NONE_DO_NOT_DOUBLE_COUNT,0.0097847358121330719,0.13
NGC 6229,251.745249,47.527796000000002,30.109999999999999,0.46999999999999997,-1.1559999999999999,-0.46100000000000002,0.017000000000000001,0.017999999999999999,0.17000000000000001,-137.88999999999999,0.70999999999999996,0.00028900000000000003,5.202e-05,0.00032399999999999996,9.0929919600000002e-08,0.00025161529903515922,0.00036138470096484083,FIXED_CENTRE,CORRELATED_GAUSSIAN_2D,TRUNCATED_GAUSSIAN_D_GT_0,GAUSSIAN_1D,UNPUBLISHED_ASSUMED_ZERO_BASELINE,UNPUBLISHED_ASSUMED_ZERO_BASELINE,NONE_DO_NOT_DOUBLE_COUNT,0.015609432082364663,0.17000000000000001
NGC 6235,253.35567599999999,-22.177447000000001,11.94,0.38,-3.9420000000000002,-7.6020000000000003,0.032000000000000001,0.031,-0.13,126.68000000000001,0.33000000000000002,0.001024,-0.00012896000000000001,0.00096099999999999994,9.6743331839999987e-07,0.00085974860980012285,0.0011252513901998768,FIXED_CENTRE,CORRELATED_GAUSSIAN_2D,TRUNCATED_GAUSSIAN_D_GT_0,GAUSSIAN_1D,UNPUBLISHED_ASSUMED_ZERO_BASELINE,UNPUBLISHED_ASSUMED_ZERO_BASELINE,NONE_DO_NOT_DOUBLE_COUNT,0.031825795644891124,0.13
NGC 6254,254.28772000000001,-4.1003059999999998,5.0700000000000003,0.059999999999999998,-4.7629999999999999,-6.6109999999999998,0.010999999999999999,0.010999999999999999,-0.070000000000000007,74.209999999999994,0.23000000000000001,0.00012099999999999999,-8.4700000000000002e-06,0.00012099999999999999,1.4569259099999996e-08,0.00011252999999999998,0.00012946999999999999,FIXED_CENTRE,CORRELATED_GAUSSIAN_2D,TRUNCATED_GAUSSIAN_D_GT_0,GAUSSIAN_1D,UNPUBLISHED_ASSUMED_ZERO_BASELINE,UNPUBLISHED_ASSUMED_ZERO_BASELINE,NONE_DO_NOT_DOUBLE_COUNT,0.011834319526627219,0.070000000000000007
NGC 6256,254.88610700000001,-37.120967999999998,7.2400000000000002,0.28999999999999998,-3.6850000000000001,-1.6339999999999999,0.019,0.017999999999999999,-0.14000000000000001,-99.75,0.66000000000000003,0.00036099999999999999,-4.7879999999999996e-05,0.00032399999999999996,1.1467150559999998e-07,0.00029117023865241526,0.00039382976134758469,FIXED_CENTRE,CORRELATED_GAUSSIAN_2D,TRUNCATED_GAUSSIAN_D_GT_0,GAUSSIAN_1D,UNPUBLISHED_ASSUMED_ZERO_BASELINE,UNPUBLISHED_ASSUMED_ZERO_BASELINE,NONE_DO_NOT_DOUBLE_COUNT,0.040055248618784525,0.14000000000000001
NGC 6266,255.30415300000001,-30.113389999999999,6.0300000000000002,0.089999999999999997,-5.0300000000000002,-3.004,0.031,0.031,-0.050000000000000003,-73.980000000000004,0.67000000000000004,0.00096099999999999994,-4.8050000000000002e-05,0.00096099999999999994,9.212121974999999e-07,0.00091294999999999994,0.0010090500000000001,FIXED_CENTRE,CORRELATED_GAUSSIAN_2D,TRUNCATED_GAUSSIAN_D_GT_0,GAUSSIAN_1D,UNPUBLISHED_ASSUMED_ZERO_BASELINE,UNPUBLISHED_ASSUMED_ZERO_BASELINE,NONE_DO_NOT_DOUBLE_COUNT,0.014925373134328356,0.050000000000000003
NGC 6273,255.65748600000001,-26.267970999999999,8.3399999999999999,0.16,-3.2559999999999998,1.6679999999999999,0.01,0.0089999999999999993,0,145.53999999999999,0.58999999999999997,0.0001,0,8.099999999999999e-05,8.0999999999999997e-09,8.099999999999999e-05,0.00010000000000000002,FIXED_CENTRE,CORRELATED_GAUSSIAN_2D,TRUNCATED_GAUSSIAN_D_GT_0,GAUSSIAN_1D,UNPUBLISHED_ASSUMED_ZERO_BASELINE,UNPUBLISHED_ASSUMED_ZERO_BASELINE,NONE_DO_NOT_DOUBLE_COUNT,0.01918465227817746,0
NGC 6284,256.120114,-24.764799,14.210000000000001,0.41999999999999998,-3.2050000000000001,-2.004,0.014,0.014,0.10000000000000001,28.620000000000001,0.72999999999999998,0.00019600000000000002,1.9600000000000002e-05,0.00019600000000000002,3.8031840000000008e-08,0.00017640000000000001,0.00021560000000000004,FIXED_CENTRE,CORRELATED_GAUSSIAN_2D,TRUNCATED_GAUSSIAN_D_GT_0,GAUSSIAN_1D,UNPUBLISHED_ASSUMED_ZERO_BASELINE,UNPUBLISHED_ASSUMED_ZERO_BASELINE,NONE_DO_NOT_DOUBLE_COUNT,0.029556650246305417,0.10000000000000001
NGC 6287,256.288904,-22.708005,7.9299999999999997,0.37,-4.9909999999999997,-1.8859999999999999,0.01,0.0089999999999999993,-0.02,-294.74000000000001,1.6499999999999999,0.0001,-1.7999999999999999e-06,8.099999999999999e-05,8.0967599999999992e-09,8.0830977298609752e-05,0.00010016902270139026,FIXED_CENTRE,CORRELATED_GAUSSIAN_2D,TRUNCATED_GAUSSIAN_D_GT_0,GAUSSIAN_1D,UNPUBLISHED_ASSUMED_ZERO_BASELINE,UNPUBLISHED_ASSUMED_ZERO_BASELINE,NONE_DO_NOT_DOUBLE_COUNT,0.046658259773013876,0.02
NGC 6293,257.54250000000002,-26.582083000000001,9.1899999999999995,0.28000000000000003,0.86499999999999999,-4.3300000000000001,0.02,0.02,-0.040000000000000001,-143.66,0.39000000000000001,0.00040000000000000002,-1.6000000000000003e-05,0.00040000000000000002,1.59744e-07,0.00038400000000000001,0.00041600000000000003,FIXED_CENTRE,CORRELATED_GAUSSIAN_2D,TRUNCATED_GAUSSIAN_D_GT_0,GAUSSIAN_1D,UNPUBLISHED_ASSUMED_ZERO_BASELINE,UNPUBLISHED_ASSUMED_ZERO_BASELINE,NONE_DO_NOT_DOUBLE_COUNT,0.030467899891186076,0.040000000000000001
NGC 6304,258.63439899999997,-29.462028,6.1500000000000004,0.14999999999999999,-4.0730000000000004,-1.089,0.012,0.010999999999999999,0.050000000000000003,-108.62,0.39000000000000001,0.000144,6.6000000000000003e-06,0.00012099999999999999,1.7380439999999999e-08,0.00011924066366668376,0.00014575933633331623,FIXED_CENTRE,CORRELATED_GAUSSIAN_2D,TRUNCATED_GAUSSIAN_D_GT_0,GAUSSIAN_1D,UNPUBLISHED_ASSUMED_ZERO_BASELINE,UNPUBLISHED_ASSUMED_ZERO_BASELINE,NONE_DO_NOT_DOUBLE_COUNT,0.024390243902439022,0.050000000000000003
NGC 6316,259.155417,-28.140111000000001,11.15,0.39000000000000001,-4.9740000000000002,-4.6050000000000004,0.028000000000000001,0.027,0.080000000000000002,99.650000000000006,0.83999999999999997,0.00078400000000000008,6.0480000000000004e-05,0.00072899999999999994,5.6787816960000003e-07,0.00069006145395931659,0.00082293854604068343,FIXED_CENTRE,CORRELATED_GAUSSIAN_2D,TRUNCATED_GAUSSIAN_D_GT_0,GAUSSIAN_1D,UNPUBLISHED_ASSUMED_ZERO_BASELINE,UNPUBLISHED_ASSUMED_ZERO_BASELINE,NONE_DO_NOT_DOUBLE_COUNT,0.034977578475336321,0.080000000000000002
NGC 6325,259.49632700000001,-23.767676999999999,7.5300000000000002,0.32000000000000001,-8.2880000000000003,-8.9870000000000001,0.029000000000000001,0.028000000000000001,0.17000000000000001,29.539999999999999,0.57999999999999996,0.00084100000000000006,0.00013804,0.00078400000000000008,6.4028895840000009e-07,0.00067154861973006447,0.00095345138026993567,FIXED_CENTRE,CORRELATED_GAUSSIAN_2D,TRUNCATED_GAUSSIAN_D_GT_0,GAUSSIAN_1D,UNPUBLISHED_ASSUMED_ZERO_BASELINE,UNPUBLISHED_ASSUMED_ZERO_BASELINE,NONE_DO_NOT_DOUBLE_COUNT,0.042496679946879147,0.17000000000000001
NGC 6333,259.79908599999999,-18.516257,8.3000000000000007,0.14000000000000001,-2.1789999999999998,-3.2130000000000001,0.0089999999999999993,0.0080000000000000002,0.070000000000000007,310.75,2.1200000000000001,8.099999999999999e-05,5.04e-06,6.3999999999999997e-05,5.1585983999999994e-09,6.2618117588232489e-05,8.2381882411767512e-05,FIXED_CENTRE,CORRELATED_GAUSSIAN_2D,TRUNCATED_GAUSSIAN_D_GT_0,GAUSSIAN_1D,UNPUBLISHED_ASSUMED_ZERO_BASELINE,UNPUBLISHED_ASSUMED_ZERO_BASELINE,NONE_DO_NOT_DOUBLE_COUNT,0.016867469879518072,0.070000000000000007
NGC 6341,259.28076199999998,43.135944000000002,8.5,0.070000000000000007,-4.9340000000000002,-0.63,0.012,0.012,0.13,-120.55,0.27000000000000002,0.000144,1.8720000000000004e-05,0.000144,2.0385561600000001e-08,0.00012527999999999999,0.00016272000000000001,FIXED_CENTRE,CORRELATED_GAUSSIAN_2D,TRUNCATED_GAUSSIAN_D_GT_0,GAUSSIAN_1D,UNPUBLISHED_ASSUMED_ZERO_BASELINE,UNPUBLISHED_ASSUMED_ZERO_BASELINE,NONE_DO_NOT_DOUBLE_COUNT,0.0082352941176470594,0.13
NGC 6342,260.29157300000003,-19.587658999999999,8.0099999999999998,0.23000000000000001,-2.915,-7.1059999999999999,0.012999999999999999,0.012999999999999999,-0.070000000000000007,115.75,0.90000000000000002,0.00016899999999999999,-1.183e-05,0.00016899999999999999,2.8421051099999998e-08,0.00015716999999999999,0.00018082999999999999,FIXED_CENTRE,CORRELATED_GAUSSIAN_2D,TRUNCATED_GAUSSIAN_D_GT_0,GAUSSIAN_1D,UNPUBLISHED_ASSUMED_ZERO_BASELINE,UNPUBLISHED_ASSUMED_ZERO_BASELINE,NONE_DO_NOT_DOUBLE_COUNT,0.02871410736579276,0.070000000000000007
NGC 6352,261.37127700000002,-48.422168999999997,5.54,0.070000000000000007,-2.169,-4.4299999999999997,0.0080000000000000002,0.0080000000000000002,0.17000000000000001,-125.63,1.01,6.3999999999999997e-05,1.0880000000000001e-05,6.3999999999999997e-05,3.9776255999999999e-09,5.3119999999999993e-05,7.4880000000000001e-05,FIXED_CENTRE,CORRELATED_GAUSSIAN_2D,TRUNCATED_GAUSSIAN_D_GT_0,GAUSSIAN_1D,UNPUBLISHED_ASSUMED_ZERO_BASELINE,UNPUBLISHED_ASSUMED_ZERO_BASELINE,NONE_DO_NOT_DOUBLE_COUNT,0.012635379061371842,0.17000000000000001
NGC 6355,260.99353300000001,-26.352827000000001,8.6500000000000004,0.22,-4.7320000000000002,-0.55800000000000005,0.014999999999999999,0.014,0.27000000000000002,-195.84999999999999,0.55000000000000004,0.00022499999999999999,5.6699999999999996e-05,0.00019600000000000002,4.0885110000000007e-08,0.00015197530435790378,0.00026902469564209626,FIXED_CENTRE,CORRELATED_GAUSSIAN_2D,TRUNCATED_GAUSSIAN_D_GT_0,GAUSSIAN_1D,UNPUBLISHED_ASSUMED_ZERO_BASELINE,UNPUBLISHED_ASSUMED_ZERO_BASELINE,NONE_DO_NOT_DOUBLE_COUNT,0.025433526011560691,0.27000000000000002
NGC 6356,260.895804,-17.813027000000002,15.66,0.92000000000000004,-3.7690000000000001,-3.4100000000000001,0.010999999999999999,0.01,0.029999999999999999,48.18,1.8200000000000001,0.00012099999999999999,3.2999999999999993e-06,0.0001,1.2089109999999999e-08,9.9493638203293521e-05,0.00012150636179670648,FIXED_CENTRE,CORRELATED_GAUSSIAN_2D,TRUNCATED_GAUSSIAN_D_GT_0,GAUSSIAN_1D,UNPUBLISHED_ASSUMED_ZERO_BASELINE,UNPUBLISHED_ASSUMED_ZERO_BASELINE,NONE_DO_NOT_DOUBLE_COUNT,0.058748403575989788,0.029999999999999999
NGC 6362,262.97909600000003,-67.048332000000002,7.6500000000000004,0.070000000000000007,-5.5019999999999998,-4.7610000000000001,0.0060000000000000001,0.0060000000000000001,0.070000000000000007,-14.58,0.17999999999999999,3.6000000000000001e-05,2.5200000000000004e-06,3.6000000000000001e-05,1.2896496000000001e-09,3.3479999999999998e-05,3.8520000000000004e-05,FIXED_CENTRE,CORRELATED_GAUSSIAN_2D,TRUNCATED_GAUSSIAN_D_GT_0,GAUSSIAN_1D,UNPUBLISHED_ASSUMED_ZERO_BASELINE,UNPUBLISHED_ASSUMED_ZERO_BASELINE,NONE_DO_NOT_DOUBLE_COUNT,0.0091503267973856214,0.070000000000000007
NGC 6366,261.93435699999998,-5.0798610000000002,3.4399999999999999,0.050000000000000003,-0.34200000000000003,-5.1550000000000002,0.0080000000000000002,0.0080000000000000002,0.20000000000000001,-120.65000000000001,0.19,6.3999999999999997e-05,1.2800000000000001e-05,6.3999999999999997e-05,3.9321599999999998e-09,5.1199999999999998e-05,7.6799999999999997e-05,FIXED_CENTRE,CORRELATED_GAUSSIAN_2D,TRUNCATED_GAUSSIAN_D_GT_0,GAUSSIAN_1D,UNPUBLISHED_ASSUMED_ZERO_BASELINE,UNPUBLISHED_ASSUMED_ZERO_BASELINE,NONE_DO_NOT_DOUBLE_COUNT,0.014534883720930234,0.20000000000000001
NGC 6380,263.61861099999999,-39.06953,9.6099999999999994,0.29999999999999999,-2.1859999999999999,-3.2559999999999998,0.017000000000000001,0.016,-0.02,-1.48,0.72999999999999998,0.00028900000000000003,-5.4400000000000004e-06,0.00025599999999999999,7.3954406400000012e-08,0.00025512635329011206,0.00028987364670988796,FIXED_CENTRE,CORRELATED_GAUSSIAN_2D,TRUNCATED_GAUSSIAN_D_GT_0,GAUSSIAN_1D,UNPUBLISHED_ASSUMED_ZERO_BASELINE,UNPUBLISHED_ASSUMED_ZERO_BASELINE,NONE_DO_NOT_DOUBLE_COUNT,0.031217481789802291,0.02
NGC 6388,264.071777,-44.735500000000002,11.17,0.16,-1.3169999999999999,-2.7149999999999999,0.0070000000000000001,0.0070000000000000001,0.01,83.109999999999999,0.45000000000000001,4.9000000000000005e-05,4.9000000000000007e-07,4.9000000000000005e-05,2.4007599000000007e-09,4.8510000000000008e-05,4.9490000000000002e-05,FIXED_CENTRE,CORRELATED_GAUSSIAN_2D,TRUNCATED_GAUSSIAN_D_GT_0,GAUSSIAN_1D,UNPUBLISHED_ASSUMED_ZERO_BASELINE,UNPUBLISHED_ASSUMED_ZERO_BASELINE,NONE_DO_NOT_DOUBLE_COUNT,0.01432408236347359,0.01
NGC 6397,265.17538500000001,-53.674334999999999,2.48,0.02,3.2509999999999999,-17.649000000000001,0.0050000000000000001,0.0050000000000000001,-0.25,18.510000000000002,0.080000000000000002,2.5000000000000001e-05,-6.2500000000000003e-06,2.5000000000000001e-05,5.8593749999999997e-10,1.8750000000000002e-05,3.1250000000000001e-05,FIXED_CENTRE,CORRELATED_GAUSSIAN_2D,TRUNCATED_GAUSSIAN_D_GT_0,GAUSSIAN_1D,UNPUBLISHED_ASSUMED_ZERO_BASELINE,UNPUBLISHED_ASSUMED_ZERO_BASELINE,NONE_DO_NOT_DOUBLE_COUNT,0.0080645161290322578,0.25
NGC 6401,264.65219100000002,-23.909604999999999,7.4400000000000004,0.22,-2.762,1.464,0.01,0.0080000000000000002,0.28999999999999998,-105.44,2.5,0.0001,2.3199999999999998e-05,6.3999999999999997e-05,5.8617600000000002e-09,5.263607655642727e-05,0.00011136392344357273,FIXED_CENTRE,CORRELATED_GAUSSIAN_2D,TRUNCATED_GAUSSIAN_D_GT_0,GAUSSIAN_1D,UNPUBLISHED_ASSUMED_ZERO_BASELINE,UNPUBLISHED_ASSUMED_ZERO_BASELINE,NONE_DO_NOT_DOUBLE_COUNT,0.029569892473118278,0.28999999999999998
NGC 6402,264.40065099999998,-3.2459159999999998,9.1400000000000006,0.25,-3.5990000000000002,-5.0549999999999997,0.0060000000000000001,0.0060000000000000001,0.12,-60.710000000000001,0.45000000000000001,3.6000000000000001e-05,4.3199999999999993e-06,3.6000000000000001e-05,1.2773376000000001e-09,3.1680000000000002e-05,4.032e-05,FIXED_CENTRE,CORRELATED_GAUSSIAN_2D,TRUNCATED_GAUSSIAN_D_GT_0,GAUSSIAN_1D,UNPUBLISHED_ASSUMED_ZERO_BASELINE,UNPUBLISHED_ASSUMED_ZERO_BASELINE,NONE_DO_NOT_DOUBLE_COUNT,0.027352297592997812,0.12
NGC 6426,266.22796,3.1701419999999998,20.710000000000001,0.34999999999999998,-1.821,-2.9980000000000002,0.016,0.014999999999999999,0.27000000000000002,-210.50999999999999,0.51000000000000001,0.00025599999999999999,6.4800000000000003e-05,0.00022499999999999999,5.340095999999999e-08,0.0001738720028816714,0.00030712799711832858,FIXED_CENTRE,CORRELATED_GAUSSIAN_2D,TRUNCATED_GAUSSIAN_D_GT_0,GAUSSIAN_1D,UNPUBLISHED_ASSUMED_ZERO_BASELINE,UNPUBLISHED_ASSUMED_ZERO_BASELINE,NONE_DO_NOT_DOUBLE_COUNT,0.016900048285852242,0.27000000000000002
NGC 6440,267.220167,-20.360417000000002,8.25,0.23999999999999999,-1.1890000000000001,-4.0039999999999996,0.024,0.024,0.34000000000000002,-69.390000000000001,0.93000000000000005,0.00057600000000000001,0.00019584000000000002,0.00057600000000000001,2.934226944e-07,0.00038015999999999999,0.00077183999999999998,FIXED_CENTRE,CORRELATED_GAUSSIAN_2D,TRUNCATED_GAUSSIAN_D_GT_0,GAUSSIAN_1D,UNPUBLISHED_ASSUMED_ZERO_BASELINE,UNPUBLISHED_ASSUMED_ZERO_BASELINE,NONE_DO_NOT_DOUBLE_COUNT,0.029090909090909091,0.34000000000000002
NGC 6441,267.55441300000001,-37.051445000000001,12.73,0.16,-2.5659999999999998,-5.3730000000000002,0.02,0.02,0.17000000000000001,18.469999999999999,0.56000000000000005,0.00040000000000000002,6.8000000000000013e-05,0.00040000000000000002,1.55376e-07,0.00033199999999999999,0.00046800000000000005,FIXED_CENTRE,CORRELATED_GAUSSIAN_2D,TRUNCATED_GAUSSIAN_D_GT_0,GAUSSIAN_1D,UNPUBLISHED_ASSUMED_ZERO_BASELINE,UNPUBLISHED_ASSUMED_ZERO_BASELINE,NONE_DO_NOT_DOUBLE_COUNT,0.012568735271013353,0.17000000000000001
NGC 6453,267.715508,-34.598477000000003,10.07,0.22,0.16500000000000001,-5.9199999999999999,0.021000000000000001,0.021000000000000001,0.17999999999999999,-99.230000000000004,1.24,0.00044100000000000004,7.9380000000000002e-05,0.00044100000000000004,1.8817981560000002e-07,0.00036162000000000005,0.00052038000000000008,FIXED_CENTRE,CORRELATED_GAUSSIAN_2D,TRUNCATED_GAUSSIAN_D_GT_0,GAUSSIAN_1D,UNPUBLISHED_ASSUMED_ZERO_BASELINE,UNPUBLISHED_ASSUMED_ZERO_BASELINE,NONE_DO_NOT_DOUBLE_COUNT,0.021847070506454815,0.17999999999999999
NGC 6496,269.76535000000001,-44.265945000000002,9.6400000000000006,0.14999999999999999,-3.0659999999999998,-9.2569999999999997,0.0060000000000000001,0.0050000000000000001,0.16,-134.72,0.26000000000000001,3.6000000000000001e-05,4.8000000000000006e-06,2.5000000000000001e-05,8.7696000000000004e-10,2.3200000000000001e-05,3.7800000000000004e-05,FIXED_CENTRE,CORRELATED_GAUSSIAN_2D,TRUNCATED_GAUSSIAN_D_GT_0,GAUSSIAN_1D,UNPUBLISHED_ASSUMED_ZERO_BASELINE,UNPUBLISHED_ASSUMED_ZERO_BASELINE,NONE_DO_NOT_DOUBLE_COUNT,0.015560165975103733,0.16
NGC 6517,270.46075000000002,-8.9587780000000006,9.2300000000000004,0.56000000000000005,-1.554,-4.452,0.017999999999999999,0.017000000000000001,0.34000000000000002,-35.060000000000002,1.6499999999999999,0.00032399999999999996,0.00010404,0.00028900000000000003,8.2811678400000004e-08,0.0002009984758403937,0.00041200152415960635,FIXED_CENTRE,CORRELATED_GAUSSIAN_2D,TRUNCATED_GAUSSIAN_D_GT_0,GAUSSIAN_1D,UNPUBLISHED_ASSUMED_ZERO_BASELINE,UNPUBLISHED_ASSUMED_ZERO_BASELINE,NONE_DO_NOT_DOUBLE_COUNT,0.060671722643553631,0.34000000000000002
NGC 6522,270.89195799999999,-30.033974000000001,7.29,0.20999999999999999,2.5859999999999999,-6.4320000000000004,0.014,0.014,0.28999999999999998,-15.23,0.48999999999999999,0.00019600000000000002,5.6839999999999991e-05,0.00019600000000000002,3.5185214400000009e-08,0.00013916000000000004,0.00025284,FIXED_CENTRE,CORRELATED_GAUSSIAN_2D,TRUNCATED_GAUSSIAN_D_GT_0,GAUSSIAN_1D,UNPUBLISHED_ASSUMED_ZERO_BASELINE,UNPUBLISHED_ASSUMED_ZERO_BASELINE,NONE_DO_NOT_DOUBLE_COUNT,0.028806584362139915,0.28999999999999998
NGC 6528,271.20669700000002,-30.055778,7.8300000000000001,0.23999999999999999,-2.173,-5.6429999999999998,0.021000000000000001,0.019,0.13,211.86000000000001,0.42999999999999999,0.00044100000000000004,5.1870000000000003e-05,0.00036099999999999999,1.5651050310000004e-07,0.00033549811529429092,0.00046650188470570905,FIXED_CENTRE,CORRELATED_GAUSSIAN_2D,TRUNCATED_GAUSSIAN_D_GT_0,GAUSSIAN_1D,UNPUBLISHED_ASSUMED_ZERO_BASELINE,UNPUBLISHED_ASSUMED_ZERO_BASELINE,NONE_DO_NOT_DOUBLE_COUNT,0.030651340996168581,0.13
NGC 6535,270.96044899999998,-0.29763899999999999,6.3600000000000003,0.12,-4.2130000000000001,-2.9350000000000001,0.014,0.012999999999999999,0.19,-214.84999999999999,0.46000000000000002,0.00019600000000000002,3.4579999999999998e-05,0.00016899999999999999,3.1928223599999998e-08,0.00014537822202533935,0.00021962177797466063,FIXED_CENTRE,CORRELATED_GAUSSIAN_2D,TRUNCATED_GAUSSIAN_D_GT_0,GAUSSIAN_1D,UNPUBLISHED_ASSUMED_ZERO_BASELINE,UNPUBLISHED_ASSUMED_ZERO_BASELINE,NONE_DO_NOT_DOUBLE_COUNT,0.018867924528301886,0.19
NGC 6539,271.20727599999998,-7.585858,8.1600000000000001,0.39000000000000001,-6.883,-3.5489999999999999,0.0089999999999999993,0.0080000000000000002,0.40999999999999998,35.189999999999998,0.5,8.099999999999999e-05,2.9519999999999999e-05,6.3999999999999997e-05,4.3125695999999996e-09,4.1780618495809523e-05,0.00010321938150419048,FIXED_CENTRE,CORRELATED_GAUSSIAN_2D,TRUNCATED_GAUSSIAN_D_GT_0,GAUSSIAN_1D,UNPUBLISHED_ASSUMED_ZERO_BASELINE,UNPUBLISHED_ASSUMED_ZERO_BASELINE,NONE_DO_NOT_DOUBLE_COUNT,0.047794117647058827,0.40999999999999998
NGC 6540,271.53565700000001,-27.765286,5.9100000000000001,0.27000000000000002,-3.6949999999999998,-2.8180000000000001,0.019,0.017999999999999999,0.23000000000000001,-16.5,0.78000000000000003,0.00036099999999999999,7.8659999999999996e-05,0.00032399999999999996,1.1077660439999999e-07,0.00026169377746732616,0.0004233062225326738,FIXED_CENTRE,CORRELATED_GAUSSIAN_2D,TRUNCATED_GAUSSIAN_D_GT_0,GAUSSIAN_1D,UNPUBLISHED_ASSUMED_ZERO_BASELINE,UNPUBLISHED_ASSUMED_ZERO_BASELINE,NONE_DO_NOT_DOUBLE_COUNT,0.045685279187817264,0.23000000000000001
NGC 6541,272.00982699999997,-43.714888999999999,7.6100000000000003,0.10000000000000001,0.28299999999999997,-8.8320000000000007,0.0060000000000000001,0.0050000000000000001,0.089999999999999997,-163.97,0.46000000000000002,3.6000000000000001e-05,2.7e-06,2.5000000000000001e-05,8.9271000000000012e-10,2.4373010527183846e-05,3.662698947281616e-05,FIXED_CENTRE,CORRELATED_GAUSSIAN_2D,TRUNCATED_GAUSSIAN_D_GT_0,GAUSSIAN_1D,UNPUBLISHED_ASSUMED_ZERO_BASELINE,UNPUBLISHED_ASSUMED_ZERO_BASELINE,NONE_DO_NOT_DOUBLE_COUNT,0.013140604467805518,0.089999999999999997
NGC 6544,271.83383300000003,-24.998221999999998,2.5800000000000001,0.059999999999999998,-2.2690000000000001,-18.614999999999998,0.025999999999999999,0.025999999999999999,0.02,-38.460000000000001,0.67000000000000004,0.00067599999999999995,1.3519999999999998e-05,0.00067599999999999995,4.5679320959999997e-07,0.0006624799999999999,0.00068952,FIXED_CENTRE,CORRELATED_GAUSSIAN_2D,TRUNCATED_GAUSSIAN_D_GT_0,GAUSSIAN_1D,UNPUBLISHED_ASSUMED_ZERO_BASELINE,UNPUBLISHED_ASSUMED_ZERO_BASELINE,NONE_DO_NOT_DOUBLE_COUNT,0.023255813953488372,0.02
NGC 6553,272.322992,-25.908066999999999,5.3300000000000001,0.13,0.35399999999999998,-0.42699999999999999,0.012999999999999999,0.012999999999999999,0.22,-0.27000000000000002,0.34000000000000002,0.00016899999999999999,3.7179999999999993e-05,0.00016899999999999999,2.7178647599999998e-08,0.00013181999999999999,0.00020617999999999998,FIXED_CENTRE,CORRELATED_GAUSSIAN_2D,TRUNCATED_GAUSSIAN_D_GT_0,GAUSSIAN_1D,UNPUBLISHED_ASSUMED_ZERO_BASELINE,UNPUBLISHED_ASSUMED_ZERO_BASELINE,NONE_DO_NOT_DOUBLE_COUNT,0.024390243902439025,0.22
NGC 6558,272.57397400000002,-31.764507999999999,7.79,0.17999999999999999,-1.752,-4.1669999999999998,0.017000000000000001,0.016,0.059999999999999998,-195.12,0.72999999999999998,0.00028900000000000003,1.6320000000000003e-05,0.00025599999999999999,7.3717657600000009e-08,0.00024929240641514077,0.00029570759358485925,FIXED_CENTRE,CORRELATED_GAUSSIAN_2D,TRUNCATED_GAUSSIAN_D_GT_0,GAUSSIAN_1D,UNPUBLISHED_ASSUMED_ZERO_BASELINE,UNPUBLISHED_ASSUMED_ZERO_BASELINE,NONE_DO_NOT_DOUBLE_COUNT,0.023106546854942234,0.059999999999999998
NGC 6569,273.41166700000002,-31.826889000000001,10.529999999999999,0.26000000000000001,-4.1420000000000003,-7.3330000000000002,0.01,0.0089999999999999993,0.16,-49.829999999999998,0.5,0.0001,1.4399999999999999e-05,8.099999999999999e-05,7.8926399999999993e-09,7.3248623243346635e-05,0.00010775137675665337,FIXED_CENTRE,CORRELATED_GAUSSIAN_2D,TRUNCATED_GAUSSIAN_D_GT_0,GAUSSIAN_1D,UNPUBLISHED_ASSUMED_ZERO_BASELINE,UNPUBLISHED_ASSUMED_ZERO_BASELINE,NONE_DO_NOT_DOUBLE_COUNT,0.02469135802469136,0.16
NGC 6584,274.65664700000002,-52.215778,13.609999999999999,0.17000000000000001,-0.080000000000000002,-7.1950000000000003,0.0080000000000000002,0.0080000000000000002,-0.080000000000000002,260.63999999999999,1.5800000000000001,6.3999999999999997e-05,-5.1200000000000001e-06,6.3999999999999997e-05,4.0697855999999997e-09,5.8879999999999999e-05,6.9120000000000002e-05,FIXED_CENTRE,CORRELATED_GAUSSIAN_2D,TRUNCATED_GAUSSIAN_D_GT_0,GAUSSIAN_1D,UNPUBLISHED_ASSUMED_ZERO_BASELINE,UNPUBLISHED_ASSUMED_ZERO_BASELINE,NONE_DO_NOT_DOUBLE_COUNT,0.012490815576781779,0.080000000000000002
NGC 6624,275.91879299999999,-30.361028999999998,8.0199999999999996,0.11,0.127,-6.9560000000000004,0.014,0.014,-0.01,54.789999999999999,0.40000000000000002,0.00019600000000000002,-1.9600000000000003e-06,0.00019600000000000002,3.8412158400000011e-08,0.00019404000000000003,0.00019796000000000001,FIXED_CENTRE,CORRELATED_GAUSSIAN_2D,TRUNCATED_GAUSSIAN_D_GT_0,GAUSSIAN_1D,UNPUBLISHED_ASSUMED_ZERO_BASELINE,UNPUBLISHED_ASSUMED_ZERO_BASELINE,NONE_DO_NOT_DOUBLE_COUNT,0.013715710723192021,0.01
NGC 6626,276.13703900000002,-24.869847,5.3700000000000001,0.10000000000000001,-0.30299999999999999,-8.9309999999999992,0.017999999999999999,0.017999999999999999,-0.26000000000000001,11.109999999999999,0.59999999999999998,0.00032399999999999996,-8.4239999999999993e-05,0.00032399999999999996,9.7879622399999973e-08,0.00023975999999999997,0.00040823999999999993,FIXED_CENTRE,CORRELATED_GAUSSIAN_2D,TRUNCATED_GAUSSIAN_D_GT_0,GAUSSIAN_1D,UNPUBLISHED_ASSUMED_ZERO_BASELINE,UNPUBLISHED_ASSUMED_ZERO_BASELINE,NONE_DO_NOT_DOUBLE_COUNT,0.0186219739292365,0.26000000000000001
NGC 6637,277.84625199999999,-32.348084,8.9000000000000004,0.10000000000000001,-5.0529999999999999,-5.8250000000000002,0.0070000000000000001,0.0070000000000000001,0.40000000000000002,47.479999999999997,1,4.9000000000000005e-05,1.9600000000000002e-05,4.9000000000000005e-05,2.0168400000000007e-09,2.9400000000000003e-05,6.8600000000000014e-05,FIXED_CENTRE,CORRELATED_GAUSSIAN_2D,TRUNCATED_GAUSSIAN_D_GT_0,GAUSSIAN_1D,UNPUBLISHED_ASSUMED_ZERO_BASELINE,UNPUBLISHED_ASSUMED_ZERO_BASELINE,NONE_DO_NOT_DOUBLE_COUNT,0.011235955056179775,0.40000000000000002
NGC 6638,277.73373400000003,-25.497472999999999,9.7799999999999994,0.34000000000000002,-2.5150000000000001,-4.069,0.010999999999999999,0.01,0.20000000000000001,8.6300000000000008,2,0.00012099999999999999,2.2000000000000003e-05,0.0001,1.1616e-08,8.6122756513502192e-05,0.00013487724348649783,FIXED_CENTRE,CORRELATED_GAUSSIAN_2D,TRUNCATED_GAUSSIAN_D_GT_0,GAUSSIAN_1D,UNPUBLISHED_ASSUMED_ZERO_BASELINE,UNPUBLISHED_ASSUMED_ZERO_BASELINE,NONE_DO_NOT_DOUBLE_COUNT,0.034764826175869123,0.20000000000000001
NGC 6642,277.97595699999999,-23.475601999999999,8.0500000000000007,0.20000000000000001,-0.17499999999999999,-3.8999999999999999,0.012999999999999999,0.012999999999999999,0.23000000000000001,-60.609999999999999,1.3500000000000001,0.00016899999999999999,3.8869999999999999e-05,0.00016899999999999999,2.7050123099999999e-08,0.00013013,0.00020786999999999997,FIXED_CENTRE,CORRELATED_GAUSSIAN_2D,TRUNCATED_GAUSSIAN_D_GT_0,GAUSSIAN_1D,UNPUBLISHED_ASSUMED_ZERO_BASELINE,UNPUBLISHED_ASSUMED_ZERO_BASELINE,NONE_DO_NOT_DOUBLE_COUNT,0.024844720496894408,0.23000000000000001
NGC 6652,278.94012500000002,-32.990723000000003,9.4600000000000009,0.14000000000000001,-5.4960000000000004,-4.25,0.012,0.012,0.070000000000000007,-95.370000000000005,0.85999999999999999,0.000144,1.0080000000000002e-05,0.000144,2.0634393600000001e-08,0.00013391999999999999,0.00015408000000000002,FIXED_CENTRE,CORRELATED_GAUSSIAN_2D,TRUNCATED_GAUSSIAN_D_GT_0,GAUSSIAN_1D,UNPUBLISHED_ASSUMED_ZERO_BASELINE,UNPUBLISHED_ASSUMED_ZERO_BASELINE,NONE_DO_NOT_DOUBLE_COUNT,0.014799154334038054,0.070000000000000007
NGC 6656,279.099762,-23.904748999999999,3.2999999999999998,0.040000000000000001,9.8409999999999993,-5.6070000000000002,0.0089999999999999993,0.0089999999999999993,0.20000000000000001,-148.72,0.78000000000000003,8.099999999999999e-05,1.6199999999999997e-05,8.099999999999999e-05,6.2985599999999986e-09,6.4799999999999989e-05,9.7199999999999991e-05,FIXED_CENTRE,CORRELATED_GAUSSIAN_2D,TRUNCATED_GAUSSIAN_D_GT_0,GAUSSIAN_1D,UNPUBLISHED_ASSUMED_ZERO_BASELINE,UNPUBLISHED_ASSUMED_ZERO_BASELINE,NONE_DO_NOT_DOUBLE_COUNT,0.012121212121212123,0.20000000000000001
NGC 6681,280.80316199999999,-32.292110000000001,9.3599999999999994,0.11,1.4199999999999999,-4.7300000000000004,0.012999999999999999,0.012,0.22,216.62,0.83999999999999997,0.00016899999999999999,3.4319999999999997e-05,0.000144,2.3158137599999999e-08,0.00011997449658115581,0.0001930255034188442,FIXED_CENTRE,CORRELATED_GAUSSIAN_2D,TRUNCATED_GAUSSIAN_D_GT_0,GAUSSIAN_1D,UNPUBLISHED_ASSUMED_ZERO_BASELINE,UNPUBLISHED_ASSUMED_ZERO_BASELINE,NONE_DO_NOT_DOUBLE_COUNT,0.011752136752136754,0.22
NGC 6712,283.26802099999998,-8.7059599999999993,7.3799999999999999,0.23999999999999999,3.355,-4.4400000000000004,0.0070000000000000001,0.0070000000000000001,0.13,-107.45,0.28999999999999998,4.9000000000000005e-05,6.37e-06,4.9000000000000005e-05,2.3604231000000006e-09,4.2630000000000004e-05,5.5370000000000007e-05,FIXED_CENTRE,CORRELATED_GAUSSIAN_2D,TRUNCATED_GAUSSIAN_D_GT_0,GAUSSIAN_1D,UNPUBLISHED_ASSUMED_ZERO_BASELINE,UNPUBLISHED_ASSUMED_ZERO_BASELINE,NONE_DO_NOT_DOUBLE_COUNT,0.032520325203252029,0.13
NGC 6715,283.76385499999998,-30.479862000000001,26.280000000000001,0.33000000000000002,-2.6819999999999999,-1.3740000000000001,0.0070000000000000001,0.0070000000000000001,0.25,143.13,0.42999999999999999,4.9000000000000005e-05,1.2250000000000001e-05,4.9000000000000005e-05,2.2509375000000005e-09,3.6750000000000006e-05,6.1250000000000012e-05,FIXED_CENTRE,CORRELATED_GAUSSIAN_2D,TRUNCATED_GAUSSIAN_D_GT_0,GAUSSIAN_1D,UNPUBLISHED_ASSUMED_ZERO_BASELINE,UNPUBLISHED_ASSUMED_ZERO_BASELINE,NONE_DO_NOT_DOUBLE_COUNT,0.012557077625570776,0.25
NGC 6717,283.77517699999999,-22.701473,7.5199999999999996,0.13,-3.153,-5.008,0.016,0.016,0.34999999999999998,30.25,0.90000000000000002,0.00025599999999999999,8.9599999999999996e-05,0.00025599999999999999,5.7507840000000003e-08,0.00016639999999999998,0.0003456,FIXED_CENTRE,CORRELATED_GAUSSIAN_2D,TRUNCATED_GAUSSIAN_D_GT_0,GAUSSIAN_1D,UNPUBLISHED_ASSUMED_ZERO_BASELINE,UNPUBLISHED_ASSUMED_ZERO_BASELINE,NONE_DO_NOT_DOUBLE_COUNT,0.017287234042553192,0.34999999999999998
NGC 6723,284.88812300000001,-36.632247999999997,8.2699999999999996,0.10000000000000001,1.018,-2.4100000000000001,0.0060000000000000001,0.0060000000000000001,0.20999999999999999,-94.390000000000001,0.26000000000000001,3.6000000000000001e-05,7.5600000000000005e-06,3.6000000000000001e-05,1.2388464e-09,2.8439999999999999e-05,4.3560000000000003e-05,FIXED_CENTRE,CORRELATED_GAUSSIAN_2D,TRUNCATED_GAUSSIAN_D_GT_0,GAUSSIAN_1D,UNPUBLISHED_ASSUMED_ZERO_BASELINE,UNPUBLISHED_ASSUMED_ZERO_BASELINE,NONE_DO_NOT_DOUBLE_COUNT,0.012091898428053206,0.20999999999999999
NGC 6749,286.31405599999999,1.899756,7.5899999999999999,0.20999999999999999,-2.8719999999999999,-5.9809999999999999,0.027,0.027,0.10000000000000001,-58.439999999999998,0.95999999999999996,0.00072899999999999994,7.2899999999999997e-05,0.00072899999999999994,5.2612658999999982e-07,0.00065609999999999996,0.00080189999999999992,FIXED_CENTRE,CORRELATED_GAUSSIAN_2D,TRUNCATED_GAUSSIAN_D_GT_0,GAUSSIAN_1D,UNPUBLISHED_ASSUMED_ZERO_BASELINE,UNPUBLISHED_ASSUMED_ZERO_BASELINE,NONE_DO_NOT_DOUBLE_COUNT,0.02766798418972332,0.10000000000000001
NGC 6752,287.71710200000001,-59.984554000000003,4.1200000000000001,0.040000000000000001,-3.1600000000000001,-4.024,0.012,0.012,0.029999999999999999,-26.010000000000002,0.12,0.000144,4.3199999999999993e-06,0.000144,2.0717337600000001e-08,0.00013967999999999999,0.00014832000000000002,FIXED_CENTRE,CORRELATED_GAUSSIAN_2D,TRUNCATED_GAUSSIAN_D_GT_0,GAUSSIAN_1D,UNPUBLISHED_ASSUMED_ZERO_BASELINE,UNPUBLISHED_ASSUMED_ZERO_BASELINE,NONE_DO_NOT_DOUBLE_COUNT,0.0097087378640776691,0.029999999999999999
NGC 6760,287.80026800000002,1.0304660000000001,8.4100000000000001,0.42999999999999999,-1.093,-3.6320000000000001,0.0080000000000000002,0.0070000000000000001,0.29999999999999999,-2.3700000000000001,1.27,6.3999999999999997e-05,1.6799999999999998e-05,4.9000000000000005e-05,2.8537600000000003e-09,3.8101902272245653e-05,7.4898097727754356e-05,FIXED_CENTRE,CORRELATED_GAUSSIAN_2D,TRUNCATED_GAUSSIAN_D_GT_0,GAUSSIAN_1D,UNPUBLISHED_ASSUMED_ZERO_BASELINE,UNPUBLISHED_ASSUMED_ZERO_BASELINE,NONE_DO_NOT_DOUBLE_COUNT,0.051129607609988109,0.29999999999999999
NGC 6779,289.14819299999999,30.183471999999998,10.43,0.14000000000000001,-2.0030000000000001,1.617,0.0070000000000000001,0.0070000000000000001,0.070000000000000007,-136.97,0.45000000000000001,4.9000000000000005e-05,3.4300000000000006e-06,4.9000000000000005e-05,2.3892351000000008e-09,4.5570000000000006e-05,5.2430000000000005e-05,FIXED_CENTRE,CORRELATED_GAUSSIAN_2D,TRUNCATED_GAUSSIAN_D_GT_0,GAUSSIAN_1D,UNPUBLISHED_ASSUMED_ZERO_BASELINE,UNPUBLISHED_ASSUMED_ZERO_BASELINE,NONE_DO_NOT_DOUBLE_COUNT,0.01342281879194631,0.070000000000000007
NGC 6809,294.99877900000001,-30.964749999999999,5.3499999999999996,0.050000000000000003,-3.4350000000000001,-9.2959999999999994,0.0070000000000000001,0.0070000000000000001,-0.050000000000000003,174.69999999999999,0.17000000000000001,4.9000000000000005e-05,-2.4500000000000003e-06,4.9000000000000005e-05,2.3949975000000005e-09,4.6550000000000007e-05,5.1450000000000004e-05,FIXED_CENTRE,CORRELATED_GAUSSIAN_2D,TRUNCATED_GAUSSIAN_D_GT_0,GAUSSIAN_1D,UNPUBLISHED_ASSUMED_ZERO_BASELINE,UNPUBLISHED_ASSUMED_ZERO_BASELINE,NONE_DO_NOT_DOUBLE_COUNT,0.0093457943925233655,0.050000000000000003
NGC 6838,298.44372600000003,18.779194,4,0.050000000000000003,-3.4119999999999999,-2.6619999999999999,0.010999999999999999,0.010999999999999999,-0.059999999999999998,-22.719999999999999,0.20000000000000001,0.00012099999999999999,-7.2599999999999983e-06,0.00012099999999999999,1.4588292399999997e-08,0.00011373999999999999,0.00012826,FIXED_CENTRE,CORRELATED_GAUSSIAN_2D,TRUNCATED_GAUSSIAN_D_GT_0,GAUSSIAN_1D,UNPUBLISHED_ASSUMED_ZERO_BASELINE,UNPUBLISHED_ASSUMED_ZERO_BASELINE,NONE_DO_NOT_DOUBLE_COUNT,0.012500000000000001,0.059999999999999998
NGC 6864,301.51978400000002,-21.921164000000001,20.52,0.45000000000000001,-0.61399999999999999,-2.7959999999999998,0.016,0.014999999999999999,0.17999999999999999,-189.08000000000001,1.1200000000000001,0.00025599999999999999,4.3199999999999993e-05,0.00022499999999999999,5.5733759999999991e-08,0.00019460348597115463,0.00028639651402884538,FIXED_CENTRE,CORRELATED_GAUSSIAN_2D,TRUNCATED_GAUSSIAN_D_GT_0,GAUSSIAN_1D,UNPUBLISHED_ASSUMED_ZERO_BASELINE,UNPUBLISHED_ASSUMED_ZERO_BASELINE,NONE_DO_NOT_DOUBLE_COUNT,0.021929824561403511,0.17999999999999999
NGC 6934,308.547394,7.4044720000000002,15.720000000000001,0.17000000000000001,-2.6579999999999999,-4.6909999999999998,0.0080000000000000002,0.0070000000000000001,0.12,-406.22000000000003,0.72999999999999998,6.3999999999999997e-05,6.72e-06,4.9000000000000005e-05,3.0908416000000001e-09,4.6429826217984124e-05,6.6570173782015885e-05,FIXED_CENTRE,CORRELATED_GAUSSIAN_2D,TRUNCATED_GAUSSIAN_D_GT_0,GAUSSIAN_1D,UNPUBLISHED_ASSUMED_ZERO_BASELINE,UNPUBLISHED_ASSUMED_ZERO_BASELINE,NONE_DO_NOT_DOUBLE_COUNT,0.010814249363867684,0.12
NGC 6981,313.36541699999998,-12.537305999999999,16.66,0.17999999999999999,-1.2609999999999999,-3.3690000000000002,0.0070000000000000001,0.0050000000000000001,0.080000000000000002,-331.38999999999999,1.47,4.9000000000000005e-05,2.8000000000000003e-06,2.5000000000000001e-05,1.2171600000000002e-09,2.4677662559400513e-05,4.9322337440599497e-05,FIXED_CENTRE,CORRELATED_GAUSSIAN_2D,TRUNCATED_GAUSSIAN_D_GT_0,GAUSSIAN_1D,UNPUBLISHED_ASSUMED_ZERO_BASELINE,UNPUBLISHED_ASSUMED_ZERO_BASELINE,NONE_DO_NOT_DOUBLE_COUNT,0.010804321728691476,0.080000000000000002
NGC 7006,315.37262600000003,16.187322999999999,39.32,0.56000000000000005,-0.115,-0.61899999999999999,0.01,0.0089999999999999993,0.029999999999999999,-383.47000000000003,0.72999999999999998,0.0001,2.6999999999999996e-06,8.099999999999999e-05,8.0927100000000003e-09,8.0623765899898885e-05,0.00010037623410010112,FIXED_CENTRE,CORRELATED_GAUSSIAN_2D,TRUNCATED_GAUSSIAN_D_GT_0,GAUSSIAN_1D,UNPUBLISHED_ASSUMED_ZERO_BASELINE,UNPUBLISHED_ASSUMED_ZERO_BASELINE,NONE_DO_NOT_DOUBLE_COUNT,0.014242115971515769,0.029999999999999999
NGC 7078,322.493042,12.167001000000001,10.710000000000001,0.10000000000000001,-0.64800000000000002,-3.8010000000000002,0.0089999999999999993,0.0080000000000000002,0.13,-106.84,0.29999999999999999,8.099999999999999e-05,9.3600000000000002e-06,6.3999999999999997e-05,5.0963903999999993e-09,5.9856440374641325e-05,8.5143559625358676e-05,FIXED_CENTRE,CORRELATED_GAUSSIAN_2D,TRUNCATED_GAUSSIAN_D_GT_0,GAUSSIAN_1D,UNPUBLISHED_ASSUMED_ZERO_BASELINE,UNPUBLISHED_ASSUMED_ZERO_BASELINE,NONE_DO_NOT_DOUBLE_COUNT,0.0093370681605975722,0.13
NGC 7089,323.36257899999998,-0.82325000000000004,11.69,0.11,3.4449999999999998,-2.177,0.0089999999999999993,0.0089999999999999993,-0.070000000000000007,-3.7799999999999998,0.29999999999999999,8.099999999999999e-05,-5.6699999999999999e-06,8.099999999999999e-05,6.5288510999999981e-09,7.5329999999999985e-05,8.6669999999999995e-05,FIXED_CENTRE,CORRELATED_GAUSSIAN_2D,TRUNCATED_GAUSSIAN_D_GT_0,GAUSSIAN_1D,UNPUBLISHED_ASSUMED_ZERO_BASELINE,UNPUBLISHED_ASSUMED_ZERO_BASELINE,NONE_DO_NOT_DOUBLE_COUNT,0.0094097519247219857,0.070000000000000007
NGC 7099,325.09213299999999,-23.179860999999999,8.4600000000000009,0.089999999999999997,-0.73199999999999998,-7.3070000000000004,0.0080000000000000002,0.0070000000000000001,0.28999999999999998,-185.19,0.17000000000000001,6.3999999999999997e-05,1.624e-05,4.9000000000000005e-05,2.8722624000000001e-09,3.8611802773895861e-05,7.4388197226104148e-05,FIXED_CENTRE,CORRELATED_GAUSSIAN_2D,TRUNCATED_GAUSSIAN_D_GT_0,GAUSSIAN_1D,UNPUBLISHED_ASSUMED_ZERO_BASELINE,UNPUBLISHED_ASSUMED_ZERO_BASELINE,NONE_DO_NOT_DOUBLE_COUNT,0.010638297872340424,0.28999999999999998
NGC 7492,347.11117000000002,-15.611469,24.390000000000001,0.56999999999999995,0.77700000000000002,-2.3210000000000002,0.010999999999999999,0.010999999999999999,0.20999999999999999,-176.69999999999999,0.27000000000000002,0.00012099999999999999,2.5409999999999999e-05,0.00012099999999999999,1.3995331899999997e-08,9.5589999999999984e-05,0.00014640999999999998,FIXED_CENTRE,CORRELATED_GAUSSIAN_2D,TRUNCATED_GAUSSIAN_D_GT_0,GAUSSIAN_1D,UNPUBLISHED_ASSUMED_ZERO_BASELINE,UNPUBLISHED_ASSUMED_ZERO_BASELINE,NONE_DO_NOT_DOUBLE_COUNT,0.023370233702337023,0.20999999999999999
PAL 1,53.333500000000001,79.581055000000006,11.18,0.32000000000000001,-0.25700000000000001,0.019,0.025999999999999999,0.029000000000000001,0.17000000000000001,-75.719999999999999,0.28999999999999998,0.00067599999999999995,0.00012818000000000001,0.00084100000000000006,5.5208588759999994e-07,0.00060606521919194425,0.00091093478080805587,FIXED_CENTRE,CORRELATED_GAUSSIAN_2D,TRUNCATED_GAUSSIAN_D_GT_0,GAUSSIAN_1D,UNPUBLISHED_ASSUMED_ZERO_BASELINE,UNPUBLISHED_ASSUMED_ZERO_BASELINE,NONE_DO_NOT_DOUBLE_COUNT,0.028622540250447227,0.17000000000000001
PAL 10,289.50872800000002,18.571667000000001,8.9399999999999995,1.1799999999999999,-4.3259999999999996,-7.173,0.01,0.01,0.11,-31.699999999999999,0.23000000000000001,0.0001,1.1000000000000001e-05,0.0001,9.8790000000000003e-09,8.9000000000000008e-05,0.000111,FIXED_CENTRE,CORRELATED_GAUSSIAN_2D,TRUNCATED_GAUSSIAN_D_GT_0,GAUSSIAN_1D,UNPUBLISHED_ASSUMED_ZERO_BASELINE,UNPUBLISHED_ASSUMED_ZERO_BASELINE,NONE_DO_NOT_DOUBLE_COUNT,0.1319910514541387,0.11
PAL 11,296.31,-8.0072220000000005,14.02,0.51000000000000001,-1.7410000000000001,-4.9729999999999999,0.025000000000000001,0.021999999999999999,0.17000000000000001,-67.640000000000001,0.76000000000000001,0.00062500000000000012,9.3499999999999996e-05,0.00048399999999999995,2.9375775e-07,0.00043739961571369638,0.00067160038428630379,FIXED_CENTRE,CORRELATED_GAUSSIAN_2D,TRUNCATED_GAUSSIAN_D_GT_0,GAUSSIAN_1D,UNPUBLISHED_ASSUMED_ZERO_BASELINE,UNPUBLISHED_ASSUMED_ZERO_BASELINE,NONE_DO_NOT_DOUBLE_COUNT,0.036376604850213982,0.17000000000000001
PAL 12,326.66180400000002,-21.252611000000002,18.489999999999998,0.29999999999999999,-3.2250000000000001,-3.3199999999999998,0.012999999999999999,0.012,0.46000000000000002,27.91,0.28000000000000003,0.00016899999999999999,7.1760000000000004e-05,0.000144,1.9186502399999999e-08,8.3659437124635012e-05,0.00022934056287536499,FIXED_CENTRE,CORRELATED_GAUSSIAN_2D,TRUNCATED_GAUSSIAN_D_GT_0,GAUSSIAN_1D,UNPUBLISHED_ASSUMED_ZERO_BASELINE,UNPUBLISHED_ASSUMED_ZERO_BASELINE,NONE_DO_NOT_DOUBLE_COUNT,0.016224986479177934,0.46000000000000002
PAL 13,346.68518999999998,12.771539000000001,23.48,0.40000000000000002,1.74,0.11600000000000001,0.039,0.032000000000000001,0.11,25.300000000000001,0.22,0.001521,0.00013728000000000001,0.001024,1.5386582016000001e-06,0.00098860204579814251,0.0015563979542018574,FIXED_CENTRE,CORRELATED_GAUSSIAN_2D,TRUNCATED_GAUSSIAN_D_GT_0,GAUSSIAN_1D,UNPUBLISHED_ASSUMED_ZERO_BASELINE,UNPUBLISHED_ASSUMED_ZERO_BASELINE,NONE_DO_NOT_DOUBLE_COUNT,0.017035775127768313,0.11
PAL 14,242.7525,14.957777999999999,73.579999999999998,1.6299999999999999,-0.45800000000000002,-0.41399999999999998,0.037999999999999999,0.036999999999999998,0.23000000000000001,72.299999999999997,0.14000000000000001,0.001444,0.00032337999999999996,0.0013689999999999998,1.8722613755999996e-06,0.0010809529613097363,0.0017320470386902632,FIXED_CENTRE,CORRELATED_GAUSSIAN_2D,TRUNCATED_GAUSSIAN_D_GT_0,GAUSSIAN_1D,UNPUBLISHED_ASSUMED_ZERO_BASELINE,UNPUBLISHED_ASSUMED_ZERO_BASELINE,NONE_DO_NOT_DOUBLE_COUNT,0.02215275890187551,0.23000000000000001
PAL 15,254.96260000000001,-0.53900000000000003,44.100000000000001,1.1399999999999999,-0.60099999999999998,-0.85499999999999998,0.035000000000000003,0.029000000000000001,-0.059999999999999998,72.269999999999996,1.74,0.0012250000000000002,-6.090000000000001e-05,0.00084100000000000006,1.0265161900000001e-06,0.00083157306535619425,0.001234426934643806,FIXED_CENTRE,CORRELATED_GAUSSIAN_2D,TRUNCATED_GAUSSIAN_D_GT_0,GAUSSIAN_1D,UNPUBLISHED_ASSUMED_ZERO_BASELINE,UNPUBLISHED_ASSUMED_ZERO_BASELINE,NONE_DO_NOT_DOUBLE_COUNT,0.025850340136054417,0.059999999999999998
PAL 2,71.524619999999999,31.381499999999999,26.170000000000002,1.28,1.2290000000000001,-1.5329999999999999,0.053999999999999999,0.042999999999999997,0.13,-135.97,1.55,0.0029159999999999998,0.00030185999999999999,0.0018489999999999997,5.3005645403999988e-06,0.001769522260110532,0.0029954777398894673,FIXED_CENTRE,CORRELATED_GAUSSIAN_2D,TRUNCATED_GAUSSIAN_D_GT_0,GAUSSIAN_1D,UNPUBLISHED_ASSUMED_ZERO_BASELINE,UNPUBLISHED_ASSUMED_ZERO_BASELINE,NONE_DO_NOT_DOUBLE_COUNT,0.048910966755827283,0.13
PAL 3,151.38162199999999,0.071666999999999995,94.840000000000003,3.23,0.070999999999999994,-0.182,0.047,0.057000000000000002,-0.48999999999999999,94.040000000000006,0.80000000000000004,0.002209,-0.0013127099999999999,0.0032490000000000002,5.4538334559000006e-06,0.0013170483209047133,0.0041409516790952873,FIXED_CENTRE,CORRELATED_GAUSSIAN_2D,TRUNCATED_GAUSSIAN_D_GT_0,GAUSSIAN_1D,UNPUBLISHED_ASSUMED_ZERO_BASELINE,UNPUBLISHED_ASSUMED_ZERO_BASELINE,NONE_DO_NOT_DOUBLE_COUNT,0.034057359763812738,0.48999999999999999
PAL 4,172.31832900000001,28.973372999999999,101.39,2.5699999999999998,-0.46000000000000002,-0.29099999999999998,0.29999999999999999,0.25600000000000001,-0.20999999999999999,72.400000000000006,0.23999999999999999,0.089999999999999997,-0.016128,0.065535999999999997,0.0056381276159999999,0.057526107598349412,0.098009892401650589,FIXED_CENTRE,CORRELATED_GAUSSIAN_2D,TRUNCATED_GAUSSIAN_D_GT_0,GAUSSIAN_1D,UNPUBLISHED_ASSUMED_ZERO_BASELINE,UNPUBLISHED_ASSUMED_ZERO_BASELINE,NONE_DO_NOT_DOUBLE_COUNT,0.02534766742282276,0.20999999999999999
PAL 5,229.01916700000001,-0.121,21.940000000000001,0.51000000000000001,-2.754,-2.6429999999999998,0.017000000000000001,0.014,0.01,-58.609999999999999,0.14999999999999999,0.00028900000000000003,2.3800000000000001e-06,0.00019600000000000002,5.6638335600000015e-08,0.00019593913231049064,0.00028906086768950944,FIXED_CENTRE,CORRELATED_GAUSSIAN_2D,TRUNCATED_GAUSSIAN_D_GT_0,GAUSSIAN_1D,UNPUBLISHED_ASSUMED_ZERO_BASELINE,UNPUBLISHED_ASSUMED_ZERO_BASELINE,NONE_DO_NOT_DOUBLE_COUNT,0.023245214220601641,0.01
PAL 6,265.92581200000001,-26.224995,7.0499999999999998,0.45000000000000001,-9.1899999999999995,-5.2830000000000004,0.021000000000000001,0.017999999999999999,0.27000000000000002,177,1.3500000000000001,0.00044100000000000004,0.00010206000000000001,0.00032399999999999996,1.3246775639999999e-07,0.00026486287320747756,0.00050013712679252244,FIXED_CENTRE,CORRELATED_GAUSSIAN_2D,TRUNCATED_GAUSSIAN_D_GT_0,GAUSSIAN_1D,UNPUBLISHED_ASSUMED_ZERO_BASELINE,UNPUBLISHED_ASSUMED_ZERO_BASELINE,NONE_DO_NOT_DOUBLE_COUNT,0.063829787234042562,0.27000000000000002
PAL 8,280.37729000000002,-19.828858,11.32,0.63,-1.9990000000000001,-5.633,0.053999999999999999,0.047,0.16,-39.68,1.25,0.0029159999999999998,0.00040608000000000002,0.002209,6.2765430335999997e-06,0.0020241105346498686,0.0031008894653501307,FIXED_CENTRE,CORRELATED_GAUSSIAN_2D,TRUNCATED_GAUSSIAN_D_GT_0,GAUSSIAN_1D,UNPUBLISHED_ASSUMED_ZERO_BASELINE,UNPUBLISHED_ASSUMED_ZERO_BASELINE,NONE_DO_NOT_DOUBLE_COUNT,0.055653710247349823,0.16
PATCHICK 126,256.41083300000003,-47.342222,8,0.5,-4.859,-6.8319999999999999,0.037999999999999999,0.033000000000000002,-0.040000000000000001,-122.14,0.77000000000000002,0.001444,-5.0160000000000008e-05,0.0010890000000000001,1.5699999744000002e-06,0.001082048717543087,0.0014509512824569131,FIXED_CENTRE,CORRELATED_GAUSSIAN_2D,TRUNCATED_GAUSSIAN_D_GT_0,GAUSSIAN_1D,UNPUBLISHED_ASSUMED_ZERO_BASELINE,UNPUBLISHED_ASSUMED_ZERO_BASELINE,NONE_DO_NOT_DOUBLE_COUNT,0.0625,0.040000000000000001
PYXIS,136.98689999999999,-37.226599999999998,36.530000000000001,0.66000000000000003,1.026,0.14399999999999999,0.016,0.019,0.089999999999999997,40.460000000000001,0.20999999999999999,0.00025599999999999999,2.7359999999999996e-05,0.00036099999999999999,9.1667430400000001e-08,0.00024929848312754135,0.00036770151687245858,FIXED_CENTRE,CORRELATED_GAUSSIAN_2D,TRUNCATED_GAUSSIAN_D_GT_0,GAUSSIAN_1D,UNPUBLISHED_ASSUMED_ZERO_BASELINE,UNPUBLISHED_ASSUMED_ZERO_BASELINE,NONE_DO_NOT_DOUBLE_COUNT,0.018067341910758282,0.089999999999999997
RUP 106,189.66749999999999,-51.150278,20.710000000000001,0.35999999999999999,-1.2529999999999999,0.40100000000000002,0.0080000000000000002,0.0080000000000000002,0.45000000000000001,-38.359999999999999,0.26000000000000001,6.3999999999999997e-05,2.8800000000000002e-05,6.3999999999999997e-05,3.2665599999999999e-09,3.5199999999999995e-05,9.2800000000000006e-05,FIXED_CENTRE,CORRELATED_GAUSSIAN_2D,TRUNCATED_GAUSSIAN_D_GT_0,GAUSSIAN_1D,UNPUBLISHED_ASSUMED_ZERO_BASELINE,UNPUBLISHED_ASSUMED_ZERO_BASELINE,NONE_DO_NOT_DOUBLE_COUNT,0.017382906808305166,0.45000000000000001
SAGITTARIUS II,298.16470800000002,-22.065251,66.530000000000001,1.5600000000000001,-0.80700000000000005,-0.89700000000000002,0.044999999999999998,0.028000000000000001,-0.029999999999999999,-175.72999999999999,0.37,0.0020249999999999999,-3.7799999999999997e-05,0.00078400000000000008,1.5861711600000002e-06,0.00078284970441573826,0.0020261502955842615,FIXED_CENTRE,CORRELATED_GAUSSIAN_2D,TRUNCATED_GAUSSIAN_D_GT_0,GAUSSIAN_1D,UNPUBLISHED_ASSUMED_ZERO_BASELINE,UNPUBLISHED_ASSUMED_ZERO_BASELINE,NONE_DO_NOT_DOUBLE_COUNT,0.023448068540508044,0.029999999999999999
TER 1,263.94666699999999,-30.481777999999998,5.6699999999999999,0.17000000000000001,-2.8860000000000001,-4.8700000000000001,0.045999999999999999,0.043999999999999997,0.080000000000000002,57.549999999999997,1.6100000000000001,0.0021159999999999998,0.00016191999999999999,0.0019359999999999998,4.0703579135999993e-06,0.0018407485859703091,0.0022112514140296912,FIXED_CENTRE,CORRELATED_GAUSSIAN_2D,TRUNCATED_GAUSSIAN_D_GT_0,GAUSSIAN_1D,UNPUBLISHED_ASSUMED_ZERO_BASELINE,UNPUBLISHED_ASSUMED_ZERO_BASELINE,NONE_DO_NOT_DOUBLE_COUNT,0.029982363315696651,0.080000000000000002
TER 10,270.74083300000001,-26.066943999999999,10.210000000000001,0.40000000000000002,-6.806,-2.5950000000000002,0.029999999999999999,0.023,0.029999999999999999,211.37,2.27,0.00089999999999999998,2.0699999999999998e-05,0.00052899999999999996,4.7567150999999994e-07,0.00052784861372065831,0.00090115138627934162,FIXED_CENTRE,CORRELATED_GAUSSIAN_2D,TRUNCATED_GAUSSIAN_D_GT_0,GAUSSIAN_1D,UNPUBLISHED_ASSUMED_ZERO_BASELINE,UNPUBLISHED_ASSUMED_ZERO_BASELINE,NONE_DO_NOT_DOUBLE_COUNT,0.039177277179236039,0.029999999999999999
TER 12,273.065833,-22.741944,5.1699999999999999,0.38,-6.234,-3.0630000000000002,0.016,0.012999999999999999,0.39000000000000001,94.010000000000005,0.71999999999999997,0.00025599999999999999,8.1120000000000009e-05,0.00016899999999999999,3.6683545599999994e-08,0.00012045270563454891,0.00030454729436545108,FIXED_CENTRE,CORRELATED_GAUSSIAN_2D,TRUNCATED_GAUSSIAN_D_GT_0,GAUSSIAN_1D,UNPUBLISHED_ASSUMED_ZERO_BASELINE,UNPUBLISHED_ASSUMED_ZERO_BASELINE,NONE_DO_NOT_DOUBLE_COUNT,0.073500967117988397,0.39000000000000001
TER 2,261.88791700000002,-30.802333000000001,7.75,0.33000000000000002,-2.1419999999999999,-6.2549999999999999,0.029999999999999999,0.027,0.20999999999999999,133.46000000000001,0.68999999999999995,0.00089999999999999998,0.00017009999999999999,0.00072899999999999994,6.2716598999999998e-07,0.00062412074692866338,0.0010048792530713364,FIXED_CENTRE,CORRELATED_GAUSSIAN_2D,TRUNCATED_GAUSSIAN_D_GT_0,GAUSSIAN_1D,UNPUBLISHED_ASSUMED_ZERO_BASELINE,UNPUBLISHED_ASSUMED_ZERO_BASELINE,NONE_DO_NOT_DOUBLE_COUNT,0.042580645161290322,0.20999999999999999
TER 3,247.16248300000001,-35.339829000000002,7.6399999999999997,0.31,-5.5780000000000003,-1.748,0.019,0.017999999999999999,-0.040000000000000001,-135.75999999999999,0.56999999999999995,0.00036099999999999999,-1.3679999999999999e-05,0.00032399999999999996,1.1677685759999998e-07,0.00031949147114655084,0.00036550852885344911,FIXED_CENTRE,CORRELATED_GAUSSIAN_2D,TRUNCATED_GAUSSIAN_D_GT_0,GAUSSIAN_1D,UNPUBLISHED_ASSUMED_ZERO_BASELINE,UNPUBLISHED_ASSUMED_ZERO_BASELINE,NONE_DO_NOT_DOUBLE_COUNT,0.040575916230366493,0.040000000000000001
TER 4,262.66250600000001,-31.595528000000002,7.5899999999999999,0.31,-5.3639999999999999,-3.6739999999999999,0.035000000000000003,0.031,0.20999999999999999,-48.960000000000001,1.5700000000000001,0.0012250000000000002,0.00022785000000000001,0.00096099999999999994,1.1253093775000002e-06,0.00082967582241655054,0.0013563241775834496,FIXED_CENTRE,CORRELATED_GAUSSIAN_2D,TRUNCATED_GAUSSIAN_D_GT_0,GAUSSIAN_1D,UNPUBLISHED_ASSUMED_ZERO_BASELINE,UNPUBLISHED_ASSUMED_ZERO_BASELINE,NONE_DO_NOT_DOUBLE_COUNT,0.040843214756258232,0.20999999999999999
TER 5,267.02019999999999,-24.779055,6.6200000000000001,0.14999999999999999,-1.8640000000000001,-5.1079999999999997,0.029999999999999999,0.027,0.33000000000000002,-81.969999999999999,0.84999999999999998,0.00089999999999999998,0.00026729999999999999,0.00072899999999999994,5.8465070999999991e-07,0.00053385869869172851,0.0010951413013082713,FIXED_CENTRE,CORRELATED_GAUSSIAN_2D,TRUNCATED_GAUSSIAN_D_GT_0,GAUSSIAN_1D,UNPUBLISHED_ASSUMED_ZERO_BASELINE,UNPUBLISHED_ASSUMED_ZERO_BASELINE,NONE_DO_NOT_DOUBLE_COUNT,0.022658610271903322,0.33000000000000002
TER 6,267.69324999999998,-31.275389000000001,7.2699999999999996,0.34999999999999998,-4.9930000000000003,-7.4580000000000002,0.051999999999999998,0.044999999999999998,0.26000000000000001,137.15000000000001,1.7,0.0027039999999999998,0.00060839999999999993,0.0020249999999999999,5.1054494400000001e-06,0.0016677857041799702,0.0030612142958200295,FIXED_CENTRE,CORRELATED_GAUSSIAN_2D,TRUNCATED_GAUSSIAN_D_GT_0,GAUSSIAN_1D,UNPUBLISHED_ASSUMED_ZERO_BASELINE,UNPUBLISHED_ASSUMED_ZERO_BASELINE,NONE_DO_NOT_DOUBLE_COUNT,0.048143053645116916,0.26000000000000001
TER 7,289.43298299999998,-34.657722,24.280000000000001,0.48999999999999999,-2.9900000000000002,-1.659,0.012999999999999999,0.012,0.23999999999999999,159.44999999999999,0.14000000000000001,0.00016899999999999999,3.7440000000000001e-05,0.000144,2.2934246400000001e-08,0.00011702844568553198,0.00019597155431446805,FIXED_CENTRE,CORRELATED_GAUSSIAN_2D,TRUNCATED_GAUSSIAN_D_GT_0,GAUSSIAN_1D,UNPUBLISHED_ASSUMED_ZERO_BASELINE,UNPUBLISHED_ASSUMED_ZERO_BASELINE,NONE_DO_NOT_DOUBLE_COUNT,0.020181219110378911,0.23999999999999999
TER 8,295.43502799999999,-33.999473999999999,27.539999999999999,0.41999999999999998,-2.4990000000000001,-1.5800000000000001,0.0089999999999999993,0.0060000000000000001,-0.44,148.53,0.17000000000000001,8.099999999999999e-05,-2.376e-05,3.6000000000000001e-05,2.3514624e-09,2.5777108929680435e-05,9.122289107031957e-05,FIXED_CENTRE,CORRELATED_GAUSSIAN_2D,TRUNCATED_GAUSSIAN_D_GT_0,GAUSSIAN_1D,UNPUBLISHED_ASSUMED_ZERO_BASELINE,UNPUBLISHED_ASSUMED_ZERO_BASELINE,NONE_DO_NOT_DOUBLE_COUNT,0.015250544662309368,0.44
TER 9,270.41166700000002,-26.839721999999998,5.7699999999999996,0.34000000000000002,-2.1680000000000001,-7.6980000000000004,0.031,0.029000000000000001,0.34000000000000002,68.560000000000002,0.54000000000000004,0.00096099999999999994,0.00030566000000000002,0.00084100000000000006,7.1477296439999997e-07,0.00058950676476045261,0.0012124932352395473,FIXED_CENTRE,CORRELATED_GAUSSIAN_2D,TRUNCATED_GAUSSIAN_D_GT_0,GAUSSIAN_1D,UNPUBLISHED_ASSUMED_ZERO_BASELINE,UNPUBLISHED_ASSUMED_ZERO_BASELINE,NONE_DO_NOT_DOUBLE_COUNT,0.058925476603119593,0.34000000000000002
TON 2,264.04199999999997,-38.556100000000001,6.9900000000000002,0.34000000000000002,-5.9359999999999999,-0.79500000000000004,0.02,0.019,0.23999999999999999,-184.72,1.1200000000000001,0.00040000000000000002,9.1199999999999994e-05,0.00036099999999999999,1.3608256000000001e-07,0.00028723859319096671,0.00047376140680903324,FIXED_CENTRE,CORRELATED_GAUSSIAN_2D,TRUNCATED_GAUSSIAN_D_GT_0,GAUSSIAN_1D,UNPUBLISHED_ASSUMED_ZERO_BASELINE,UNPUBLISHED_ASSUMED_ZERO_BASELINE,NONE_DO_NOT_DOUBLE_COUNT,0.048640915593705293,0.23999999999999999
UKS 1,268.61331200000001,-24.145277,15.58,0.56000000000000005,-0.95999999999999996,-2.9409999999999998,0.20699999999999999,0.13500000000000001,0.13,59.380000000000003,2.6299999999999999,0.042848999999999998,0.0036328500000000004,0.018225000000000002,0.00076772542587749996,0.017700219129294918,0.043373780870705085,FIXED_CENTRE,CORRELATED_GAUSSIAN_2D,TRUNCATED_GAUSSIAN_D_GT_0,GAUSSIAN_1D,UNPUBLISHED_ASSUMED_ZERO_BASELINE,UNPUBLISHED_ASSUMED_ZERO_BASELINE,NONE_DO_NOT_DOUBLE_COUNT,0.035943517329910142,0.13
VVV-CL001,268.67708299999998,-24.014721999999999,8.0800000000000001,1.48,-3.3940000000000001,-1.71,0.11,0.076999999999999999,0.29999999999999999,-327.27999999999997,0.90000000000000002,0.0121,0.0025410000000000003,0.0059290000000000002,6.5284218999999999e-05,0.0050173771284835389,0.01301162287151646,FIXED_CENTRE,CORRELATED_GAUSSIAN_2D,TRUNCATED_GAUSSIAN_D_GT_0,GAUSSIAN_1D,UNPUBLISHED_ASSUMED_ZERO_BASELINE,UNPUBLISHED_ASSUMED_ZERO_BASELINE,NONE_DO_NOT_DOUBLE_COUNT,0.18316831683168316,0.29999999999999999
VVV-CL160,271.73750000000001,-20.011111,6.7999999999999998,0.5,-2.0249999999999999,-16.765999999999998,0.13300000000000001,0.104,0.31,245.28,0.78000000000000003,0.017689000000000003,0.0042879199999999998,0.010815999999999999,0.00017293796607360001,0.0087574303756549187,0.019747569624345082,FIXED_CENTRE,CORRELATED_GAUSSIAN_2D,TRUNCATED_GAUSSIAN_D_GT_0,GAUSSIAN_1D,UNPUBLISHED_ASSUMED_ZERO_BASELINE,UNPUBLISHED_ASSUMED_ZERO_BASELINE,NONE_DO_NOT_DOUBLE_COUNT,0.073529411764705885,0.31
WHITING 1,30.737499,-3.2527780000000002,30.59,1.1699999999999999,-0.24399999999999999,-2.0190000000000001,0.050999999999999997,0.042000000000000003,0.059999999999999998,-130.41,1.79,0.0026009999999999996,0.00012852,0.0017640000000000002,4.5716466095999996e-06,0.001744710506750105,0.002620289493249895,FIXED_CENTRE,CORRELATED_GAUSSIAN_2D,TRUNCATED_GAUSSIAN_D_GT_0,GAUSSIAN_1D,UNPUBLISHED_ASSUMED_ZERO_BASELINE,UNPUBLISHED_ASSUMED_ZERO_BASELINE,NONE_DO_NOT_DOUBLE_COUNT,0.038247793396534814,0.059999999999999998
