chaos_index,cluster_key,stratum,potential,direction_id,tolerance_level,lambda_6Gyr_Gyr_minus1,N_L_6Gyr
0,NGC 6522,S1,Irrgang13III,A,C1,1.1559223714281308,6.935534228568785
1,NGC 6522,S1,Irrgang13III,A,C2,1.155921358995418,6.935528153972508
2,NGC 6522,S1,Irrgang13III,B,C1,1.4369994672859796,8.621996803715877
3,NGC 6522,S1,Irrgang13III,B,C2,1.4369987309638732,8.621992385783239
4,NGC 6522,S1,McMillan17,A,C1,0.8820104801993058,5.292062881195835
5,NGC 6522,S1,McMillan17,A,C2,0.8820093423339819,5.292056054003892
6,NGC 6522,S1,McMillan17,B,C1,1.2431931817055,7.459159090232999
7,NGC 6522,S1,McMillan17,B,C2,1.2431676223376,7.459005734025601
8,NGC 6544,S1,Irrgang13III,A,C1,7.823653141794696,46.941918850768175
9,NGC 6544,S1,Irrgang13III,A,C2,8.28079518799516,49.68477112797096
10,NGC 6544,S1,Irrgang13III,B,C1,9.771033855215466,58.6262031312928
11,NGC 6544,S1,Irrgang13III,B,C2,9.000856045464234,54.00513627278541
12,NGC 6544,S1,McMillan17,A,C1,4.329803390032891,25.97882034019735
13,NGC 6544,S1,McMillan17,A,C2,4.383449100783602,26.30069460470161
14,NGC 6544,S1,McMillan17,B,C1,4.711935512020074,28.271613072120445
15,NGC 6544,S1,McMillan17,B,C2,4.497502289592375,26.985013737554247
16,NGC 6402,S1,Irrgang13III,A,C1,6.847303417052001,41.08382050231201
17,NGC 6402,S1,Irrgang13III,A,C2,7.361738245148201,44.170429470889204
18,NGC 6402,S1,Irrgang13III,B,C1,6.968305420137005,41.80983252082203
19,NGC 6402,S1,Irrgang13III,B,C2,8.061221842927331,48.36733105756399
20,NGC 6402,S1,McMillan17,A,C1,1.0151907071441597,6.091144242864958
21,NGC 6402,S1,McMillan17,A,C2,1.0151899909188515,6.09113994551311
22,NGC 6402,S1,McMillan17,B,C1,0.9501403524060898,5.700842114436539
23,NGC 6402,S1,McMillan17,B,C2,0.9501367892481092,5.700820735488655
24,NGC 6304,S2,Irrgang13III,A,C1,1.1102866948504733,6.661720169102839
25,NGC 6304,S2,Irrgang13III,A,C2,1.1102870585767537,6.661722351460522
26,NGC 6304,S2,Irrgang13III,B,C1,1.2033293423501157,7.2199760541006945
27,NGC 6304,S2,Irrgang13III,B,C2,1.2033295306899465,7.21997718413968
28,NGC 6304,S2,McMillan17,A,C1,1.1080791526702363,6.648474916021417
29,NGC 6304,S2,McMillan17,A,C2,1.1080792308089524,6.648475384853715
30,NGC 6304,S2,McMillan17,B,C1,1.178539150059808,7.0712349003588475
31,NGC 6304,S2,McMillan17,B,C2,1.1785392859597417,7.07123571575845
32,NGC 6441,S2,Irrgang13III,A,C1,1.0099601849891215,6.05976110993473
33,NGC 6441,S2,Irrgang13III,A,C2,1.009960384779135,6.059762308674809
34,NGC 6441,S2,Irrgang13III,B,C1,0.885224086375626,5.311344518253756
35,NGC 6441,S2,Irrgang13III,B,C2,0.8852241274905251,5.311344764943151
36,NGC 6441,S2,McMillan17,A,C1,0.9608299210355568,5.764979526213341
37,NGC 6441,S2,McMillan17,A,C2,0.9608299268459833,5.7649795610759
38,NGC 6441,S2,McMillan17,B,C1,0.9017576034823264,5.410545620893958
39,NGC 6441,S2,McMillan17,B,C2,0.9017577924488689,5.410546754693213
40,NGC 6569,S2,Irrgang13III,A,C1,1.2116232018203237,7.2697392109219425
41,NGC 6569,S2,Irrgang13III,A,C2,1.2116232654812533,7.26973959288752
42,NGC 6569,S2,Irrgang13III,B,C1,1.1899653534045187,7.139792120427112
43,NGC 6569,S2,Irrgang13III,B,C2,1.189965482834701,7.139792897008206
44,NGC 6569,S2,McMillan17,A,C1,1.085596394119665,6.51357836471799
45,NGC 6569,S2,McMillan17,A,C2,1.0855959908289479,6.513575944973687
46,NGC 6569,S2,McMillan17,B,C1,1.055570263540564,6.333421581243384
47,NGC 6569,S2,McMillan17,B,C2,1.0555703174566606,6.333421904739964
48,IC 4499,S3,Irrgang13III,A,C1,0.7180380560641001,4.308228336384601
49,IC 4499,S3,Irrgang13III,A,C2,0.7180380605524981,4.3082283633149885
50,IC 4499,S3,Irrgang13III,B,C1,0.596574923183046,3.5794495390982757
51,IC 4499,S3,Irrgang13III,B,C2,0.5965749265220016,3.5794495591320095
52,IC 4499,S3,McMillan17,A,C1,0.7050615882676357,4.230369529605814
53,IC 4499,S3,McMillan17,A,C2,0.705061613836714,4.2303696830202835
54,IC 4499,S3,McMillan17,B,C1,0.5869691935638964,3.521815161383379
55,IC 4499,S3,McMillan17,B,C2,0.586969216152165,3.5218152969129903
56,NGC 3201,S3,Irrgang13III,A,C1,0.7518907487290901,4.5113444923745405
57,NGC 3201,S3,Irrgang13III,A,C2,0.7518907534678746,4.511344520807247
58,NGC 3201,S3,Irrgang13III,B,C1,0.7864630590705939,4.718778354423563
59,NGC 3201,S3,Irrgang13III,B,C2,0.7864630640162121,4.718778384097273
60,NGC 3201,S3,McMillan17,A,C1,0.8525667411039287,5.115400446623572
61,NGC 3201,S3,McMillan17,A,C2,0.8525667405040563,5.115400443024338
62,NGC 3201,S3,McMillan17,B,C1,0.8801410133991073,5.280846080394644
63,NGC 3201,S3,McMillan17,B,C2,0.880141010356663,5.280846062139978
64,PAL 13,S3,Irrgang13III,A,C1,0.6870446303689726,4.122267782213836
65,PAL 13,S3,Irrgang13III,A,C2,0.6870446331586403,4.1222677989518415
66,PAL 13,S3,Irrgang13III,B,C1,0.4296577121287239,2.5779462727723432
67,PAL 13,S3,Irrgang13III,B,C2,0.42965771335947167,2.57794628015683
68,PAL 13,S3,McMillan17,A,C1,0.519540637689028,3.1172438261341684
69,PAL 13,S3,McMillan17,A,C2,0.5195406022752752,3.1172436136516515
70,PAL 13,S3,McMillan17,B,C1,0.29277003713287825,1.7566202227972694
71,PAL 13,S3,McMillan17,B,C2,0.2927700365341636,1.7566202192049816
72,ESO 456 SC29,S4,Irrgang13III,A,C1,1.7312492620652504,10.387495572391503
73,ESO 456 SC29,S4,Irrgang13III,A,C2,1.7312468244101775,10.387480946461064
74,ESO 456 SC29,S4,Irrgang13III,B,C1,1.4850295510066123,8.910177306039675
75,ESO 456 SC29,S4,Irrgang13III,B,C2,1.4850262904566398,8.91015774273984
76,ESO 456 SC29,S4,McMillan17,A,C1,1.324772983206449,7.948637899238694
77,ESO 456 SC29,S4,McMillan17,A,C2,1.3247728205040472,7.948636923024283
78,ESO 456 SC29,S4,McMillan17,B,C1,1.3116378002490956,7.869826801494574
79,ESO 456 SC29,S4,McMillan17,B,C2,1.3116382439322205,7.869829463593323
80,NGC 6624,S4,Irrgang13III,A,C1,31.127757496259235,186.7665449775554
81,NGC 6624,S4,Irrgang13III,A,C2,32.802415257872035,196.8144915472322
82,NGC 6624,S4,Irrgang13III,B,C1,30.51535940972222,183.0921564583333
83,NGC 6624,S4,Irrgang13III,B,C2,33.06847986880158,198.4108792128095
84,NGC 6624,S4,McMillan17,A,C1,1.1857256551470807,7.114353930882484
85,NGC 6624,S4,McMillan17,A,C2,1.1856187988372118,7.113712793023271
86,NGC 6624,S4,McMillan17,B,C1,1.031336117795768,6.188016706774608
87,NGC 6624,S4,McMillan17,B,C2,1.0313362351659745,6.1880174109958475
88,NGC 6652,S4,Irrgang13III,A,C1,8.760385491491604,52.562312948949625
89,NGC 6652,S4,Irrgang13III,A,C2,12.60628298228865,75.63769789373191
90,NGC 6652,S4,Irrgang13III,B,C1,17.364691387440857,104.18814832464514
91,NGC 6652,S4,Irrgang13III,B,C2,18.545467336597127,111.27280401958276
92,NGC 6652,S4,McMillan17,A,C1,1.1547543377739715,6.928526026643829
93,NGC 6652,S4,McMillan17,A,C2,1.1547546906465616,6.928528143879369
94,NGC 6652,S4,McMillan17,B,C1,1.0385831036395434,6.231498621837261
95,NGC 6652,S4,McMillan17,B,C2,1.0385822996925167,6.2314937981551
