cluster_key,ra_deg,dec_deg,distance_kpc,distance_sigma_kpc,pmra_masyr,pmdec_masyr,pmra_sigma_masyr,pmdec_sigma_masyr,pmra_pmdec_corr,vlos_kms,vlos_sigma_kms,pm_cov_ra_ra_mas2yr2,pm_cov_ra_dec_mas2yr2,pm_cov_dec_dec_mas2yr2,pm_cov_det,pm_cov_min_eig,pm_cov_max_eig,position_sampling,pm_sampling,distance_sampling,vlos_sampling,pm_distance_cross_covariance,rv_astrometry_cross_covariance,additional_pm_systematic_floor,distance_frac_sigma,pm_corr_abs,X_kpc,Y_kpc,Z_kpc,U_kms,V_kms,W_kms,R_GC_kpc
2MASS-GC01,272.090851,-19.829723,3.37,0.62,-1.366,-1.754,0.2859999999999999,0.227,0.28,-35.58,0.3499999999999999,0.0817959999999999,0.0181781599999999,0.051529,0.0038844205830143,0.0430094172572453,0.0903155827427546,FIXED_CENTRE,CORRELATED_GAUSSIAN_2D,TRUNCATED_GAUSSIAN_D_GT_0,GAUSSIAN_1D,UNPUBLISHED_ASSUMED_ZERO_BASELINE,UNPUBLISHED_ASSUMED_ZERO_BASELINE,NONE_DO_NOT_DOUBLE_COUNT,0.1839762611275964,0.28,4.86,0.61,0.01,17.52,211.23,12.67,4.898132297110808
2MASS-GC02,272.4021,-20.778889,5.5,0.44,-2.924,-3.776,0.22,0.1739999999999999,0.4699999999999999,-87.5,2.83,0.0483999999999999,0.0179915999999999,0.0302759999999999,0.00114166072944,0.0191930871295009,0.059482912870499,FIXED_CENTRE,CORRELATED_GAUSSIAN_2D,TRUNCATED_GAUSSIAN_D_GT_0,GAUSSIAN_1D,UNPUBLISHED_ASSUMED_ZERO_BASELINE,UNPUBLISHED_ASSUMED_ZERO_BASELINE,NONE_DO_NOT_DOUBLE_COUNT,0.08,0.4699999999999999,2.76,0.93,-0.06,54.01,116.1,27.3,2.9124731758421394
AM 1,58.759586,-49.615276,118.91,3.4,0.384,-0.196,0.066,0.082,-0.2099999999999999,118.0,14.14,0.004356,-0.00113652,0.006724,2.7998066289600005e-05,0.0038988011362421,0.0071811988637578,FIXED_CENTRE,CORRELATED_GAUSSIAN_2D,TRUNCATED_GAUSSIAN_D_GT_0,GAUSSIAN_1D,UNPUBLISHED_ASSUMED_ZERO_BASELINE,UNPUBLISHED_ASSUMED_ZERO_BASELINE,NONE_DO_NOT_DOUBLE_COUNT,0.0285930535699268,0.2099999999999999,24.08,-77.21,-89.01,-7.19,-8.91,76.86,80.877873982938
AM 4,209.089066,-27.165171,29.01,0.94,-0.538,-2.485,0.3059999999999999,0.3489999999999999,-0.46,151.19,2.85,0.0936359999999999,-0.0491252399999999,0.1218009999999999,0.0089916692309423,0.0566146252808791,0.1588223747191208,FIXED_CENTRE,CORRELATED_GAUSSIAN_2D,TRUNCATED_GAUSSIAN_D_GT_0,GAUSSIAN_1D,UNPUBLISHED_ASSUMED_ZERO_BASELINE,UNPUBLISHED_ASSUMED_ZERO_BASELINE,NONE_DO_NOT_DOUBLE_COUNT,0.0324026197862805,0.46,-10.43,-15.46,16.02,-126.95,-68.39,-162.9,18.649302936034903
ARP 2,292.183807,-30.355639,28.73,0.34,-2.317,-1.487,0.012,0.01,0.2099999999999999,122.64,0.2899999999999999,0.000144,2.5200000000000003e-05,0.0001,1.3764960000000002e-08,8.85479447567119e-05,0.0001554520552432,FIXED_CENTRE,CORRELATED_GAUSSIAN_2D,TRUNCATED_GAUSSIAN_D_GT_0,GAUSSIAN_1D,UNPUBLISHED_ASSUMED_ZERO_BASELINE,UNPUBLISHED_ASSUMED_ZERO_BASELINE,NONE_DO_NOT_DOUBLE_COUNT,0.0118343195266272,0.2099999999999999,-18.38,3.99,-10.19,-248.46,-13.89,175.88,18.808096660746934
BH 140,193.472915,-67.177276,4.81,0.25,-14.901,1.258,0.069,0.0729999999999999,0.17,90.3,0.3499999999999999,0.004761,0.00085629,0.0053289999999999,2.46381364359e-05,0.0041428422731584,0.0059471577268415,FIXED_CENTRE,CORRELATED_GAUSSIAN_2D,TRUNCATED_GAUSSIAN_D_GT_0,GAUSSIAN_1D,UNPUBLISHED_ASSUMED_ZERO_BASELINE,UNPUBLISHED_ASSUMED_ZERO_BASELINE,NONE_DO_NOT_DOUBLE_COUNT,0.0519750519750519,0.17,5.55,-4.01,-0.36,222.36,-10.8,32.29,6.847086971844304
BH 261,273.5275,-28.635,6.12,0.26,3.589,-3.57,0.0219999999999999,0.02,0.25,-60.0,2.24,0.0004839999999999,0.0001099999999999,0.0004,1.815e-07,0.0003242545117637,0.0005597454882362,FIXED_CENTRE,CORRELATED_GAUSSIAN_2D,TRUNCATED_GAUSSIAN_D_GT_0,GAUSSIAN_1D,UNPUBLISHED_ASSUMED_ZERO_BASELINE,UNPUBLISHED_ASSUMED_ZERO_BASELINE,NONE_DO_NOT_DOUBLE_COUNT,0.0424836601307189,0.25,2.1,0.36,-0.56,58.95,205.82,-127.18,2.1306337085477645
CRATER,174.06875,-10.876972,147.23,4.27,-0.0129999999999999,-0.132,0.112,0.095,-0.27,148.1,0.65,0.012544,-0.0028728,0.009025,0.00010495662016,0.0074156990130018,0.0141533009869981,FIXED_CENTRE,CORRELATED_GAUSSIAN_2D,TRUNCATED_GAUSSIAN_D_GT_0,GAUSSIAN_1D,UNPUBLISHED_ASSUMED_ZERO_BASELINE,UNPUBLISHED_ASSUMED_ZERO_BASELINE,NONE_DO_NOT_DOUBLE_COUNT,0.0290022413910208,0.27,-0.11,-98.46,109.15,-56.16,91.39,58.51,98.46006144625342
DJOR 1,266.869583,-33.066389,9.88,0.65,-4.725,-8.47,0.028,0.021,-0.02,-359.18,1.64,0.000784,-1.1760000000000004e-05,0.000441,3.456057024000001e-07,0.0004405972728546,0.0007844027271453,FIXED_CENTRE,CORRELATED_GAUSSIAN_2D,TRUNCATED_GAUSSIAN_D_GT_0,GAUSSIAN_1D,UNPUBLISHED_ASSUMED_ZERO_BASELINE,UNPUBLISHED_ASSUMED_ZERO_BASELINE,NONE_DO_NOT_DOUBLE_COUNT,0.0657894736842105,0.02,-1.68,-0.57,-0.43,374.13,-180.09,7.5,1.774063133036702
E 3,140.237793,-77.281891,7.88,0.25,-2.734,7.088,0.025,0.025,0.02,11.7,0.4199999999999999,0.000625,1.25e-05,0.000625,3.904687500000002e-07,0.0006125,0.0006375,FIXED_CENTRE,CORRELATED_GAUSSIAN_2D,TRUNCATED_GAUSSIAN_D_GT_0,GAUSSIAN_1D,UNPUBLISHED_ASSUMED_ZERO_BASELINE,UNPUBLISHED_ASSUMED_ZERO_BASELINE,NONE_DO_NOT_DOUBLE_COUNT,0.031725888324873,0.02,5.36,-6.89,-2.57,218.34,111.39,97.28,8.729358510222845
ERIDANUS,66.185608,-21.186781,84.68,2.89,0.4769999999999999,-0.2949999999999999,0.029,0.035,-0.23,-22.91,0.7199999999999999,0.000841,-0.00023345,0.001225,9.757260975e-07,0.000730737030882,0.0013352629691179,FIXED_CENTRE,CORRELATED_GAUSSIAN_2D,TRUNCATED_GAUSSIAN_D_GT_0,GAUSSIAN_1D,UNPUBLISHED_ASSUMED_ZERO_BASELINE,UNPUBLISHED_ASSUMED_ZERO_BASELINE,NONE_DO_NOT_DOUBLE_COUNT,0.0341284837033538,0.23,58.21,-39.24,-55.93,-55.48,68.3,131.3,70.20100925200435
ESO 280-SC06,272.275,-46.423333,20.95,0.65,-0.695,-2.776,0.02,0.016,0.23,93.2,0.34,0.0004,7.36e-05,0.0002559999999999,9.698304e-08,0.0002250390365235,0.0004309609634764,FIXED_CENTRE,CORRELATED_GAUSSIAN_2D,TRUNCATED_GAUSSIAN_D_GT_0,GAUSSIAN_1D,UNPUBLISHED_ASSUMED_ZERO_BASELINE,UNPUBLISHED_ASSUMED_ZERO_BASELINE,NONE_DO_NOT_DOUBLE_COUNT,0.0310262529832935,0.23,-11.73,-4.63,-4.56,-23.96,-35.85,-71.97,12.610701804419929
ESO 452-SC11,249.854167,-28.399167,7.389999999999999,0.2,-1.437,-6.471,0.024,0.0219999999999999,-0.25,16.75,0.44,0.000576,-0.0001319999999999,0.0004839999999999,2.6136e-07,0.0003902144499599,0.00066978555004,FIXED_CENTRE,CORRELATED_GAUSSIAN_2D,TRUNCATED_GAUSSIAN_D_GT_0,GAUSSIAN_1D,UNPUBLISHED_ASSUMED_ZERO_BASELINE,UNPUBLISHED_ASSUMED_ZERO_BASELINE,NONE_DO_NOT_DOUBLE_COUNT,0.027063599458728,0.25,1.03,-1.02,1.55,-20.8,43.24,-94.85,1.4495861478366852
ESO 456-SC29,269.651,-32.02,8.269999999999998,0.67,-8.044,-8.048999999999998,0.0379999999999999,0.031,0.4199999999999999,78.94,1.44,0.001444,0.0004947599999999,0.0009609999999999,1.1428965424e-06,0.0006519459993788,0.0017530540006211,FIXED_CENTRE,CORRELATED_GAUSSIAN_2D,TRUNCATED_GAUSSIAN_D_GT_0,GAUSSIAN_1D,UNPUBLISHED_ASSUMED_ZERO_BASELINE,UNPUBLISHED_ASSUMED_ZERO_BASELINE,NONE_DO_NOT_DOUBLE_COUNT,0.0810157194679564,0.4199999999999999,-0.07,-0.18,-0.57,-88.72,-179.91,119.01,0.19313207915827965
ESO 456-SC38,270.454378,-27.825819,8.76,0.1799999999999999,0.7199999999999999,-3.003,0.021,0.0179999999999999,0.01,-149.75,1.1,0.000441,3.78e-06,0.0003239999999999,1.4286971160000002e-07,0.0003238780041281,0.0004411219958718,FIXED_CENTRE,CORRELATED_GAUSSIAN_2D,TRUNCATED_GAUSSIAN_D_GT_0,GAUSSIAN_1D,UNPUBLISHED_ASSUMED_ZERO_BASELINE,UNPUBLISHED_ASSUMED_ZERO_BASELINE,NONE_DO_NOT_DOUBLE_COUNT,0.0205479452054794,0.01,-0.57,0.42,-0.38,137.64,151.13,-73.65,0.7080254232723567
FSR 1716,242.625,-53.748889,7.429999999999999,0.27,-4.407,-8.862,0.029,0.0259999999999999,-0.11,-30.7,0.98,0.000841,-8.294e-05,0.0006759999999999,5.616369564e-07,0.0006415158403885,0.0008754841596114,FIXED_CENTRE,CORRELATED_GAUSSIAN_2D,TRUNCATED_GAUSSIAN_D_GT_0,GAUSSIAN_1D,UNPUBLISHED_ASSUMED_ZERO_BASELINE,UNPUBLISHED_ASSUMED_ZERO_BASELINE,NONE_DO_NOT_DOUBLE_COUNT,0.0363391655450874,0.11,1.76,-3.74,-0.21,182.51,-12.33,-115.33,4.133424730172306
FSR 1735,253.044174,-47.058056,9.08,0.53,-4.57,-1.515,0.0539999999999999,0.0459999999999999,-0.11,-69.85,4.88,0.0029159999999999,-0.00027324,0.0021159999999999,6.095595902399999e-06,0.0020315827236771,0.0030004172763228,FIXED_CENTRE,CORRELATED_GAUSSIAN_2D,TRUNCATED_GAUSSIAN_D_GT_0,GAUSSIAN_1D,UNPUBLISHED_ASSUMED_ZERO_BASELINE,UNPUBLISHED_ASSUMED_ZERO_BASELINE,NONE_DO_NOT_DOUBLE_COUNT,0.0583700440528634,0.11,-0.31,-3.23,-0.29,113.12,111.87,120.05,3.244842060871376
FSR 1758,262.8,-39.808,11.09,0.7399999999999999,-2.875,2.509,0.008,0.007,0.08,227.31,0.5899999999999999,6.4e-05,4.48e-06,4.9000000000000005e-05,3.1159296000000003e-09,4.776384523946606e-05,6.523615476053395e-05,FIXED_CENTRE,CORRELATED_GAUSSIAN_2D,TRUNCATED_GAUSSIAN_D_GT_0,GAUSSIAN_1D,UNPUBLISHED_ASSUMED_ZERO_BASELINE,UNPUBLISHED_ASSUMED_ZERO_BASELINE,NONE_DO_NOT_DOUBLE_COUNT,0.0667267808836789,0.08,-2.69,-2.07,-0.64,-250.44,235.01,192.45,3.3942598604113976
GRAN 2,257.89,-24.849,15.84,1.55,0.227,-2.568,0.027,0.0219999999999999,-0.02,53.22,1.67,0.0007289999999999,-1.188e-05,0.0004839999999999,3.526948655999999e-07,0.0004834252893564,0.0007295747106435,FIXED_CENTRE,CORRELATED_GAUSSIAN_2D,TRUNCATED_GAUSSIAN_D_GT_0,GAUSSIAN_1D,UNPUBLISHED_ASSUMED_ZERO_BASELINE,UNPUBLISHED_ASSUMED_ZERO_BASELINE,NONE_DO_NOT_DOUBLE_COUNT,0.0978535353535353,0.02,-7.48,-0.21,2.36,-80.46,103.84,-108.8,7.482947280316761
GRAN 3,256.256,-35.496,11.47,0.75,-3.851,0.498,0.065,0.049,-0.1799999999999999,94.87,1.58,0.004225,-0.0005733,0.002401,9.81555211e-06,0.0022357735196347,0.0043902264803652,FIXED_CENTRE,CORRELATED_GAUSSIAN_2D,TRUNCATED_GAUSSIAN_D_GT_0,GAUSSIAN_1D,UNPUBLISHED_ASSUMED_ZERO_BASELINE,UNPUBLISHED_ASSUMED_ZERO_BASELINE,NONE_DO_NOT_DOUBLE_COUNT,0.065387968613775,0.1799999999999999,-3.09,-2.04,0.68,-74.88,134.19,195.87,3.7026612051334107
GRAN 5,267.228,-24.17,4.91,0.31,-5.353,-9.312,0.0459999999999999,0.0429999999999999,0.0599999999999999,-58.87,3.27,0.0021159999999999,0.0001186799999999,0.0018489999999999,3.898399057599999e-06,0.0018038741552854,0.0021611258447145,FIXED_CENTRE,CORRELATED_GAUSSIAN_2D,TRUNCATED_GAUSSIAN_D_GT_0,GAUSSIAN_1D,UNPUBLISHED_ASSUMED_ZERO_BASELINE,UNPUBLISHED_ASSUMED_ZERO_BASELINE,NONE_DO_NOT_DOUBLE_COUNT,0.0631364562118126,0.0599999999999999,3.29,0.38,0.16,27.97,-1.55,0.7,3.3118725820900776
HP 1,262.771667,-29.981667,7.0,0.14,2.5,-10.049,0.028,0.027,0.17,39.76,1.22,0.000784,0.00012852,0.0007289999999999,5.550186096000001e-07,0.0006250707779829,0.000887929222017,FIXED_CENTRE,CORRELATED_GAUSSIAN_2D,TRUNCATED_GAUSSIAN_D_GT_0,GAUSSIAN_1D,UNPUBLISHED_ASSUMED_ZERO_BASELINE,UNPUBLISHED_ASSUMED_ZERO_BASELINE,NONE_DO_NOT_DOUBLE_COUNT,0.02,0.17,1.19,-0.31,0.26,-49.6,16.99,-243.09,1.2297154142320896
IC 1257,261.785431,-7.093056,26.59,1.43,-1.029,-1.49,0.025,0.019,0.2399999999999999,-137.97,2.04,0.000625,0.000114,0.0003609999999999,2.1262900000000007e-07,0.000318586697755,0.0006674133022449,FIXED_CENTRE,CORRELATED_GAUSSIAN_2D,TRUNCATED_GAUSSIAN_D_GT_0,GAUSSIAN_1D,UNPUBLISHED_ASSUMED_ZERO_BASELINE,UNPUBLISHED_ASSUMED_ZERO_BASELINE,NONE_DO_NOT_DOUBLE_COUNT,0.0537796163971417,0.2399999999999999,-16.43,7.3,6.95,55.77,-5.13,-13.47,17.978734660704017
IC 1276,272.684441,-7.207595,4.55,0.25,-2.555,-4.586,0.0149999999999999,0.0149999999999999,0.04,155.06,0.69,0.0002249999999999,8.999999999999999e-06,0.0002249999999999,5.0544e-08,0.0002159999999999,0.000234,FIXED_CENTRE,CORRELATED_GAUSSIAN_2D,TRUNCATED_GAUSSIAN_D_GT_0,GAUSSIAN_1D,UNPUBLISHED_ASSUMED_ZERO_BASELINE,UNPUBLISHED_ASSUMED_ZERO_BASELINE,NONE_DO_NOT_DOUBLE_COUNT,0.0549450549450549,0.04,3.97,1.69,0.45,-196.33,204.37,24.13,4.314742170744389
IC 4499,225.077188,-82.213792,18.89,0.25,0.457,-0.4919999999999999,0.007,0.007,-0.05,38.41,0.31,4.9000000000000005e-05,-2.4500000000000003e-06,4.9000000000000005e-05,2.3949975e-09,4.655000000000001e-05,5.145e-05,FIXED_CENTRE,CORRELATED_GAUSSIAN_2D,TRUNCATED_GAUSSIAN_D_GT_0,GAUSSIAN_1D,UNPUBLISHED_ASSUMED_ZERO_BASELINE,UNPUBLISHED_ASSUMED_ZERO_BASELINE,NONE_DO_NOT_DOUBLE_COUNT,0.0132345156167284,0.05,-2.56,-14.07,-6.61,-30.75,247.81,-61.21,14.30099646877797
LAEVENS 3,316.7267,14.9805,61.77,1.65,0.2419999999999999,-0.748,0.1019999999999999,0.079,0.07,-70.3,0.82,0.0104039999999999,0.00056406,0.006241,6.461320031639998e-05,0.0061659272714327,0.0104790727285672,FIXED_CENTRE,CORRELATED_GAUSSIAN_2D,TRUNCATED_GAUSSIAN_D_GT_0,GAUSSIAN_1D,UNPUBLISHED_ASSUMED_ZERO_BASELINE,UNPUBLISHED_ASSUMED_ZERO_BASELINE,NONE_DO_NOT_DOUBLE_COUNT,0.0267119961146187,0.07,-17.44,51.59,-22.31,-68.19,74.23,-144.15,54.45807286344239
LILLER 1,263.352333,-33.389556,8.06,0.34,-5.183,-6.979,0.1759999999999999,0.1429999999999999,0.3499999999999999,60.36,2.44,0.0309759999999999,0.0088087999999999,0.0204489999999999,0.0005558332665599,0.0154509509117774,0.0359740490882224,FIXED_CENTRE,CORRELATED_GAUSSIAN_2D,TRUNCATED_GAUSSIAN_D_GT_0,GAUSSIAN_1D,UNPUBLISHED_ASSUMED_ZERO_BASELINE,UNPUBLISHED_ASSUMED_ZERO_BASELINE,NONE_DO_NOT_DOUBLE_COUNT,0.0421836228287841,0.3499999999999999,0.15,-0.72,-0.02,-41.46,-83.37,28.07,0.7354590403278757
LYNGA 7,242.765213,-55.317776,7.9,0.16,-3.836,-7.071,0.0609999999999999,0.0529999999999999,0.19,17.86,0.8299999999999998,0.0037209999999999,0.0006142699999999,0.0028089999999999,1.00749613671e-05,0.0024999747501552,0.0040300252498447,FIXED_CENTRE,CORRELATED_GAUSSIAN_2D,TRUNCATED_GAUSSIAN_D_GT_0,GAUSSIAN_1D,UNPUBLISHED_ASSUMED_ZERO_BASELINE,UNPUBLISHED_ASSUMED_ZERO_BASELINE,NONE_DO_NOT_DOUBLE_COUNT,0.020253164556962,0.19,1.43,-4.09,-0.39,125.71,1.23,-89.33,4.332782016210832
NGC 104,6.023792,-72.081306,4.52,0.0299999999999999,5.253,-2.557,0.008,0.008,-0.0299999999999999,-17.45,0.16,6.4e-05,-1.9200000000000003e-06,6.4e-05,4.092313599999999e-09,6.208e-05,6.591999999999999e-05,FIXED_CENTRE,CORRELATED_GAUSSIAN_2D,TRUNCATED_GAUSSIAN_D_GT_0,GAUSSIAN_1D,UNPUBLISHED_ASSUMED_ZERO_BASELINE,UNPUBLISHED_ASSUMED_ZERO_BASELINE,NONE_DO_NOT_DOUBLE_COUNT,0.0066371681415929,0.0299999999999999,6.3,-2.59,-3.19,77.52,170.83,46.02,6.811615080140686
NGC 1261,48.067543,-55.216225,16.4,0.19,1.599,-2.064,0.0089999999999999,0.0089999999999999,0.0599999999999999,71.34,0.2099999999999999,8.099999999999999e-05,4.859999999999998e-06,8.099999999999999e-05,6.537380399999998e-09,7.613999999999999e-05,8.585999999999998e-05,FIXED_CENTRE,CORRELATED_GAUSSIAN_2D,TRUNCATED_GAUSSIAN_D_GT_0,GAUSSIAN_1D,UNPUBLISHED_ASSUMED_ZERO_BASELINE,UNPUBLISHED_ASSUMED_ZERO_BASELINE,NONE_DO_NOT_DOUBLE_COUNT,0.0115853658536585,0.0599999999999999,8.08,-10.07,-12.95,-78.82,57.52,68.81,12.910898497006318
NGC 1851,78.52816,-40.046555,11.95,0.13,2.138,-0.67,0.008,0.008,-0.1499999999999999,321.4,1.55,6.4e-05,-9.6e-06,6.4e-05,4.003839999999999e-09,5.44e-05,7.36e-05,FIXED_CENTRE,CORRELATED_GAUSSIAN_2D,TRUNCATED_GAUSSIAN_D_GT_0,GAUSSIAN_1D,UNPUBLISHED_ASSUMED_ZERO_BASELINE,UNPUBLISHED_ASSUMED_ZERO_BASELINE,NONE_DO_NOT_DOUBLE_COUNT,0.0108786610878661,0.1499999999999999,12.39,-8.83,-6.86,81.45,-68.15,-83.31,15.21449966315028
NGC 1904,81.045837,-24.524416,13.08,0.1799999999999999,2.47,-1.599,0.007,0.008,0.02,205.76,0.2,4.9000000000000005e-05,1.12e-06,6.4e-05,3.1347456e-09,4.8916834434090215e-05,6.40831655659098e-05,FIXED_CENTRE,CORRELATED_GAUSSIAN_2D,TRUNCATED_GAUSSIAN_D_GT_0,GAUSSIAN_1D,UNPUBLISHED_ASSUMED_ZERO_BASELINE,UNPUBLISHED_ASSUMED_ZERO_BASELINE,NONE_DO_NOT_DOUBLE_COUNT,0.0137614678899082,0.02,15.92,-8.37,-6.41,43.71,-17.22,5.41,17.986197485850088
NGC 2298,102.247543,-36.005306,9.83,0.17,3.312,-2.183,0.007,0.007,0.0899999999999999,147.15,0.57,4.9000000000000005e-05,4.41e-06,4.9000000000000005e-05,2.3815519e-09,4.4590000000000005e-05,5.3410000000000005e-05,FIXED_CENTRE,CORRELATED_GAUSSIAN_2D,TRUNCATED_GAUSSIAN_D_GT_0,GAUSSIAN_1D,UNPUBLISHED_ASSUMED_ZERO_BASELINE,UNPUBLISHED_ASSUMED_ZERO_BASELINE,NONE_DO_NOT_DOUBLE_COUNT,0.017293997965412,0.0899999999999999,12.08,-8.61,-2.71,-79.73,34.25,67.05,14.834368877710975
NGC 2419,114.535286,38.881944,88.47,2.4,0.002,-0.54,0.012,0.008,0.14,-21.1,0.31,0.000144,1.3440000000000002e-05,6.4e-05,9.035366399999999e-09,6.180244556849295e-05,0.0001461975544315,FIXED_CENTRE,CORRELATED_GAUSSIAN_2D,TRUNCATED_GAUSSIAN_D_GT_0,GAUSSIAN_1D,UNPUBLISHED_ASSUMED_ZERO_BASELINE,UNPUBLISHED_ASSUMED_ZERO_BASELINE,NONE_DO_NOT_DOUBLE_COUNT,0.0271278399457443,0.14,88.2,-0.52,37.73,-6.07,33.7,-55.89,88.20153286649843
NGC 2808,138.012909,-64.863495,10.06,0.11,1.004,0.269,0.007,0.007,-0.0299999999999999,103.57,0.27,4.9000000000000005e-05,-1.47e-06,4.9000000000000005e-05,2.3988391e-09,4.753000000000001e-05,5.047e-05,FIXED_CENTRE,CORRELATED_GAUSSIAN_2D,TRUNCATED_GAUSSIAN_D_GT_0,GAUSSIAN_1D,UNPUBLISHED_ASSUMED_ZERO_BASELINE,UNPUBLISHED_ASSUMED_ZERO_BASELINE,NONE_DO_NOT_DOUBLE_COUNT,0.0109343936381709,0.0299999999999999,6.09,-9.64,-1.96,-56.43,149.3,30.31,11.402530420919735
NGC 288,13.1885,-26.582611,8.99,0.0899999999999999,4.157,-5.705,0.004,0.004,0.45,-44.45,0.13,1.6e-05,7.2000000000000005e-06,1.6e-05,2.0416e-10,8.8e-06,2.32e-05,FIXED_CENTRE,CORRELATED_GAUSSIAN_2D,TRUNCATED_GAUSSIAN_D_GT_0,GAUSSIAN_1D,UNPUBLISHED_ASSUMED_ZERO_BASELINE,UNPUBLISHED_ASSUMED_ZERO_BASELINE,NONE_DO_NOT_DOUBLE_COUNT,0.0100111234705228,0.45,8.26,0.05,-8.99,4.2,-48.34,50.29,8.260151330332876
NGC 3201,154.403427,-46.412476,4.74,0.04,8.349999999999998,-1.976,0.005,0.005,0.1799999999999999,495.39,0.0599999999999999,2.5e-05,4.5e-06,2.5e-05,6.0475e-10,2.05e-05,2.95e-05,FIXED_CENTRE,CORRELATED_GAUSSIAN_2D,TRUNCATED_GAUSSIAN_D_GT_0,GAUSSIAN_1D,UNPUBLISHED_ASSUMED_ZERO_BASELINE,UNPUBLISHED_ASSUMED_ZERO_BASELINE,NONE_DO_NOT_DOUBLE_COUNT,0.0084388185654008,0.1799999999999999,7.59,-4.65,0.71,-249.99,-199.09,148.84,8.901157228136126
NGC 362,15.809416,-70.848778,8.83,0.1,6.692,-2.533,0.0089999999999999,0.0089999999999999,-0.1499999999999999,223.12,0.28,8.099999999999999e-05,-1.2149999999999995e-05,8.099999999999999e-05,6.413377499999999e-09,6.884999999999999e-05,9.314999999999999e-05,FIXED_CENTRE,CORRELATED_GAUSSIAN_2D,TRUNCATED_GAUSSIAN_D_GT_0,GAUSSIAN_1D,UNPUBLISHED_ASSUMED_ZERO_BASELINE,UNPUBLISHED_ASSUMED_ZERO_BASELINE,NONE_DO_NOT_DOUBLE_COUNT,0.0113250283125707,0.1499999999999999,4.98,-5.2,-6.38,93.45,-98.32,-67.93,7.200027777724195
NGC 4147,182.52626,18.542639,18.54,0.2099999999999999,-1.69,-2.092,0.014,0.0129999999999999,-0.32,179.35,0.31,0.000196,-5.8240000000000005e-05,0.0001689999999999,2.97321024e-08,0.0001227158248363,0.0002422841751636,FIXED_CENTRE,CORRELATED_GAUSSIAN_2D,TRUNCATED_GAUSSIAN_D_GT_0,GAUSSIAN_1D,UNPUBLISHED_ASSUMED_ZERO_BASELINE,UNPUBLISHED_ASSUMED_ZERO_BASELINE,NONE_DO_NOT_DOUBLE_COUNT,0.0113268608414239,0.32,9.39,-3.93,18.07,40.11,-12.89,130.14,10.179243586829035
NGC 4372,186.439101,-72.65908399999998,5.71,0.2099999999999999,-6.409,3.309,0.004,0.005,0.1799999999999999,75.59,0.2999999999999999,1.6e-05,3.6e-06,2.5e-05,3.8704e-10,1.4737188186310435e-05,2.6262811813689565e-05,FIXED_CENTRE,CORRELATED_GAUSSIAN_2D,TRUNCATED_GAUSSIAN_D_GT_0,GAUSSIAN_1D,UNPUBLISHED_ASSUMED_ZERO_BASELINE,UNPUBLISHED_ASSUMED_ZERO_BASELINE,NONE_DO_NOT_DOUBLE_COUNT,0.0367775831873905,0.1799999999999999,5.28,-4.82,-0.98,100.02,84.28,64.83,7.14918177136377
NGC 4590,189.866577,-26.744057,10.4,0.1,-2.732,1.764,0.005,0.005,-0.1499999999999999,-93.11000000000001,0.1799999999999999,2.5e-05,-3.75e-06,2.5e-05,6.109375e-10,2.125e-05,2.875e-05,FIXED_CENTRE,CORRELATED_GAUSSIAN_2D,TRUNCATED_GAUSSIAN_D_GT_0,GAUSSIAN_1D,UNPUBLISHED_ASSUMED_ZERO_BASELINE,UNPUBLISHED_ASSUMED_ZERO_BASELINE,NONE_DO_NOT_DOUBLE_COUNT,0.0096153846153846,0.1499999999999999,4.02,-7.31,6.12,170.43,289.18,16.43,8.342451678014083
NGC 4833,194.891342,-70.876503,6.48,0.08,-8.39,-0.968,0.006,0.006,0.19,201.99,0.4,3.6e-05,6.84e-06,3.6e-05,1.2492144e-09,2.916e-05,4.284e-05,FIXED_CENTRE,CORRELATED_GAUSSIAN_2D,TRUNCATED_GAUSSIAN_D_GT_0,GAUSSIAN_1D,UNPUBLISHED_ASSUMED_ZERO_BASELINE,UNPUBLISHED_ASSUMED_ZERO_BASELINE,NONE_DO_NOT_DOUBLE_COUNT,0.0123456790123456,0.19,4.63,-5.34,-0.9,95.21,-54.95,-42.21,7.067708256570866
NGC 5024,198.230209,18.168165,18.5,0.1799999999999999,-0.131,-1.332,0.005,0.005,-0.34,-63.37,0.25,2.5e-05,-8.500000000000002e-06,2.5e-05,5.5275e-10,1.65e-05,3.35e-05,FIXED_CENTRE,CORRELATED_GAUSSIAN_2D,TRUNCATED_GAUSSIAN_D_GT_0,GAUSSIAN_1D,UNPUBLISHED_ASSUMED_ZERO_BASELINE,UNPUBLISHED_ASSUMED_ZERO_BASELINE,NONE_DO_NOT_DOUBLE_COUNT,0.0097297297297297,0.34,5.25,-1.49,18.2,-57.27,155.76,-72.49,5.457343676185329
NGC 5053,199.112885,17.700251,17.54,0.23,-0.338,-1.214,0.007,0.007,-0.34,42.82,0.25,4.9000000000000005e-05,-1.6660000000000003e-05,4.9000000000000005e-05,2.1234444e-09,3.2340000000000005e-05,6.566e-05,FIXED_CENTRE,CORRELATED_GAUSSIAN_2D,TRUNCATED_GAUSSIAN_D_GT_0,GAUSSIAN_1D,UNPUBLISHED_ASSUMED_ZERO_BASELINE,UNPUBLISHED_ASSUMED_ZERO_BASELINE,NONE_DO_NOT_DOUBLE_COUNT,0.0131128848346636,0.34,5.11,-1.38,17.21,-52.79,150.82,35.3,5.293061495958648
NGC 5139,201.696991,-47.479473,5.43,0.05,-3.236,-6.731,0.0109999999999999,0.0109999999999999,-0.12,232.78,0.2099999999999999,0.0001209999999999,-1.4519999999999997e-05,0.0001209999999999,1.4430169599999997e-08,0.00010648,0.0001355199999999,FIXED_CENTRE,CORRELATED_GAUSSIAN_2D,TRUNCATED_GAUSSIAN_D_GT_0,GAUSSIAN_1D,UNPUBLISHED_ASSUMED_ZERO_BASELINE,UNPUBLISHED_ASSUMED_ZERO_BASELINE,NONE_DO_NOT_DOUBLE_COUNT,0.009208103130755,0.12,4.87,-4.07,1.4,-95.98,-21.69,-86.82,6.346794466500393
NGC 5272,205.548416,28.377277,10.18,0.08,-0.153,-2.679,0.007,0.007,0.14,-147.2,0.27,4.9000000000000005e-05,6.86e-06,4.9000000000000005e-05,2.3539404000000008e-09,4.2140000000000006e-05,5.586e-05,FIXED_CENTRE,CORRELATED_GAUSSIAN_2D,TRUNCATED_GAUSSIAN_D_GT_0,GAUSSIAN_1D,UNPUBLISHED_ASSUMED_ZERO_BASELINE,UNPUBLISHED_ASSUMED_ZERO_BASELINE,NONE_DO_NOT_DOUBLE_COUNT,0.0078585461689587,0.14,6.7,1.34,9.98,-65.3,127.78,-134.17,6.832686148214332
NGC 5286,206.61171,-51.374249,11.1,0.14,0.187,-0.16,0.007,0.007,0.08,62.38,0.4,4.9000000000000005e-05,3.920000000000001e-06,4.9000000000000005e-05,2.3856336000000005e-09,4.508e-05,5.292000000000001e-05,FIXED_CENTRE,CORRELATED_GAUSSIAN_2D,TRUNCATED_GAUSSIAN_D_GT_0,GAUSSIAN_1D,UNPUBLISHED_ASSUMED_ZERO_BASELINE,UNPUBLISHED_ASSUMED_ZERO_BASELINE,NONE_DO_NOT_DOUBLE_COUNT,0.0126126126126126,0.08,0.93,-8.16,2.03,-58.91,210.15,8.54,8.212825336021703
NGC 5466,211.363709,28.534445,16.12,0.16,-5.336,-0.809,0.005,0.004,0.17,106.82,0.2,2.5e-05,3.4000000000000005e-06,1.6e-05,3.8844e-10,1.485996453911857e-05,2.614003546088143e-05,FIXED_CENTRE,CORRELATED_GAUSSIAN_2D,TRUNCATED_GAUSSIAN_D_GT_0,GAUSSIAN_1D,UNPUBLISHED_ASSUMED_ZERO_BASELINE,UNPUBLISHED_ASSUMED_ZERO_BASELINE,NONE_DO_NOT_DOUBLE_COUNT,0.009925558312655,0.17,4.8,3.06,15.46,217.9,-33.47,225.06,5.692416007285483
NGC 5634,217.405335,-5.97643,25.96,0.62,-1.69,-1.489,0.0089999999999999,0.008,-0.04,-16.07,0.5999999999999999,8.099999999999999e-05,-2.88e-06,6.4e-05,5.175705599999999e-09,6.35253468033578e-05,8.147465319664221e-05,FIXED_CENTRE,CORRELATED_GAUSSIAN_2D,TRUNCATED_GAUSSIAN_D_GT_0,GAUSSIAN_1D,UNPUBLISHED_ASSUMED_ZERO_BASELINE,UNPUBLISHED_ASSUMED_ZERO_BASELINE,NONE_DO_NOT_DOUBLE_COUNT,0.0238828967642526,0.04,-7.95,-5.18,19.67,59.05,-14.26,-26.56,9.48867219372658
NGC 5694,219.901245,-26.538776,34.84,0.7399999999999999,-0.4759999999999999,-1.102,0.012,0.0109999999999999,-0.3599999999999999,-139.55,0.4899999999999999,0.000144,-4.752e-05,0.0001209999999999,1.5165849599999997e-08,8.360827881941565e-05,0.0001813917211805,FIXED_CENTRE,CORRELATED_GAUSSIAN_2D,TRUNCATED_GAUSSIAN_D_GT_0,GAUSSIAN_1D,UNPUBLISHED_ASSUMED_ZERO_BASELINE,UNPUBLISHED_ASSUMED_ZERO_BASELINE,NONE_DO_NOT_DOUBLE_COUNT,0.0212399540757749,0.3599999999999999,-18.13,-14.55,17.61,114.37,144.79,-170.18,23.246492208503202
NGC 5824,225.994156,-33.068138,31.71,0.5999999999999999,-1.193,-2.228,0.01,0.0089999999999999,-0.2,-25.24,0.52,0.0001,-1.8e-05,8.099999999999999e-05,7.775999999999998e-09,7.014686756295237e-05,0.000110853132437,FIXED_CENTRE,CORRELATED_GAUSSIAN_2D,TRUNCATED_GAUSSIAN_D_GT_0,GAUSSIAN_1D,UNPUBLISHED_ASSUMED_ZERO_BASELINE,UNPUBLISHED_ASSUMED_ZERO_BASELINE,NONE_DO_NOT_DOUBLE_COUNT,0.0189214758751182,0.2,-17.9,-13.55,11.92,97.4,-61.59,-179.17,22.45022271604449
NGC 5897,229.351659,-21.010122,12.55,0.2399999999999999,-5.415,-3.392,0.006,0.006,-0.33,101.31,0.22,3.6e-05,-1.188e-05,3.6e-05,1.1548656e-09,2.412e-05,4.788e-05,FIXED_CENTRE,CORRELATED_GAUSSIAN_2D,TRUNCATED_GAUSSIAN_D_GT_0,GAUSSIAN_1D,UNPUBLISHED_ASSUMED_ZERO_BASELINE,UNPUBLISHED_ASSUMED_ZERO_BASELINE,NONE_DO_NOT_DOUBLE_COUNT,0.0191235059760956,0.33,-2.18,-3.18,6.33,34.52,-129.35,91.18,3.8554895927754758
NGC 5904,229.638412,2.081028,7.48,0.0599999999999999,4.073,-9.872000000000002,0.006,0.006,-0.37,53.5,0.25,3.6e-05,-1.332e-05,3.6e-05,1.1185776e-09,2.268e-05,4.932e-05,FIXED_CENTRE,CORRELATED_GAUSSIAN_2D,TRUNCATED_GAUSSIAN_D_GT_0,GAUSSIAN_1D,UNPUBLISHED_ASSUMED_ZERO_BASELINE,UNPUBLISHED_ASSUMED_ZERO_BASELINE,NONE_DO_NOT_DOUBLE_COUNT,0.0080213903743315,0.37,3.07,0.34,5.45,-301.43,89.62,-181.13,3.0887699817241168
NGC 5927,232.002869,-50.673031,8.269999999999998,0.11,-5.058,-3.186,0.006,0.006,-0.25,-104.09,0.28,3.6e-05,-9e-06,3.6e-05,1.215e-09,2.7e-05,4.5e-05,FIXED_CENTRE,CORRELATED_GAUSSIAN_2D,TRUNCATED_GAUSSIAN_D_GT_0,GAUSSIAN_1D,UNPUBLISHED_ASSUMED_ZERO_BASELINE,UNPUBLISHED_ASSUMED_ZERO_BASELINE,NONE_DO_NOT_DOUBLE_COUNT,0.0133010882708585,0.25,1.3,-4.54,0.7,205.0,114.22,7.05,4.722456987628368
NGC 5946,233.869051,-50.659713,9.64,0.51,-5.317,-1.639,0.0149999999999999,0.0149999999999999,-0.2,137.6,0.94,0.0002249999999999,-4.5e-05,0.0002249999999999,4.86e-08,0.0001799999999999,0.00027,FIXED_CENTRE,CORRELATED_GAUSSIAN_2D,TRUNCATED_GAUSSIAN_D_GT_0,GAUSSIAN_1D,UNPUBLISHED_ASSUMED_ZERO_BASELINE,UNPUBLISHED_ASSUMED_ZERO_BASELINE,NONE_DO_NOT_DOUBLE_COUNT,0.0529045643153526,0.2,0.06,-5.16,0.7,7.2,-21.45,98.68,5.160348825418685
NGC 5986,236.512497,-37.786415,10.54,0.13,-4.18,-4.565,0.017,0.017,-0.1499999999999999,101.18,0.4299999999999999,0.000289,-4.335e-05,0.000289,8.164177750000001e-08,0.00024565,0.00033235,FIXED_CENTRE,CORRELATED_GAUSSIAN_2D,TRUNCATED_GAUSSIAN_D_GT_0,GAUSSIAN_1D,UNPUBLISHED_ASSUMED_ZERO_BASELINE,UNPUBLISHED_ASSUMED_ZERO_BASELINE,NONE_DO_NOT_DOUBLE_COUNT,0.0123339658444022,0.1499999999999999,-1.27,-4.0,2.42,8.15,-71.93,-13.39,4.196772569487177
NGC 6093,244.26004,-22.976084,10.34,0.12,-2.937,-5.577,0.01,0.01,-0.33,10.93,0.39,0.0001,-3.3e-05,0.0001,8.910999999999998e-09,6.7e-05,0.000133,FIXED_CENTRE,CORRELATED_GAUSSIAN_2D,TRUNCATED_GAUSSIAN_D_GT_0,GAUSSIAN_1D,UNPUBLISHED_ASSUMED_ZERO_BASELINE,UNPUBLISHED_ASSUMED_ZERO_BASELINE,NONE_DO_NOT_DOUBLE_COUNT,0.011605415860735,0.33,-1.49,-1.24,3.44,-9.1,-48.78,-62.97,1.9384787850270633
NGC 6101,246.450485,-72.202194,14.45,0.19,1.76,-0.252,0.012,0.012,0.07,366.33,0.32,0.000144,1.0080000000000002e-05,0.000144,2.06343936e-08,0.0001339199999999,0.00015408,FIXED_CENTRE,CORRELATED_GAUSSIAN_2D,TRUNCATED_GAUSSIAN_D_GT_0,GAUSSIAN_1D,UNPUBLISHED_ASSUMED_ZERO_BASELINE,UNPUBLISHED_ASSUMED_ZERO_BASELINE,NONE_DO_NOT_DOUBLE_COUNT,0.0131487889273356,0.07,-2.11,-9.35,-3.94,-297.01,83.88,-190.08,9.585123890696458
NGC 6121,245.896744,-26.525749,1.85,0.02,-12.511,-19.017,0.007,0.007,-0.2099999999999999,71.22,0.13,4.9000000000000005e-05,-1.029e-05,4.9000000000000005e-05,2.2951159000000006e-09,3.871000000000001e-05,5.929e-05,FIXED_CENTRE,CORRELATED_GAUSSIAN_2D,TRUNCATED_GAUSSIAN_D_GT_0,GAUSSIAN_1D,UNPUBLISHED_ASSUMED_ZERO_BASELINE,UNPUBLISHED_ASSUMED_ZERO_BASELINE,NONE_DO_NOT_DOUBLE_COUNT,0.0108108108108108,0.2099999999999999,6.42,-0.28,0.51,-56.21,45.28,-3.04,6.426103018159607
NGC 6139,246.918466,-38.848782,10.04,0.45,-6.083,-2.705,0.012,0.012,-0.05,24.41,0.95,0.000144,-7.2000000000000005e-06,0.000144,2.068416e-08,0.0001367999999999,0.0001512,FIXED_CENTRE,CORRELATED_GAUSSIAN_2D,TRUNCATED_GAUSSIAN_D_GT_0,GAUSSIAN_1D,UNPUBLISHED_ASSUMED_ZERO_BASELINE,UNPUBLISHED_ASSUMED_ZERO_BASELINE,NONE_DO_NOT_DOUBLE_COUNT,0.0448207171314741,0.05,-1.32,-3.02,1.21,68.39,-29.37,130.82,3.2958762112676503
NGC 6144,246.80777,-26.0235,8.15,0.13,-1.737,-2.624,0.017,0.016,-0.22,194.79,0.5799999999999998,0.000289,-5.984e-05,0.0002559999999999,7.040317440000001e-08,0.0002104268528266,0.0003345731471733,FIXED_CENTRE,CORRELATED_GAUSSIAN_2D,TRUNCATED_GAUSSIAN_D_GT_0,GAUSSIAN_1D,UNPUBLISHED_ASSUMED_ZERO_BASELINE,UNPUBLISHED_ASSUMED_ZERO_BASELINE,NONE_DO_NOT_DOUBLE_COUNT,0.0159509202453987,0.22,0.41,-1.1,2.21,-184.47,106.09,43.41,1.1739250401963492
NGC 6171,248.132752,-13.053778,5.63,0.08,-1.936,-5.979,0.007,0.007,-0.02,-34.71,0.1799999999999999,4.9000000000000005e-05,-9.800000000000001e-07,4.9000000000000005e-05,2.4000396000000006e-09,4.802e-05,4.9980000000000006e-05,FIXED_CENTRE,CORRELATED_GAUSSIAN_2D,TRUNCATED_GAUSSIAN_D_GT_0,GAUSSIAN_1D,UNPUBLISHED_ASSUMED_ZERO_BASELINE,UNPUBLISHED_ASSUMED_ZERO_BASELINE,NONE_DO_NOT_DOUBLE_COUNT,0.0142095914742451,0.02,3.0,0.3,2.2,-10.3,93.71,-57.7,3.014962686336267
NGC 6205,250.421814,36.459862,7.42,0.08,-3.138,-2.572,0.006,0.006,0.23,-244.9,0.2999999999999999,3.6e-05,8.28e-06,3.6e-05,1.2274416000000002e-09,2.772e-05,4.428e-05,FIXED_CENTRE,CORRELATED_GAUSSIAN_2D,TRUNCATED_GAUSSIAN_D_GT_0,GAUSSIAN_1D,UNPUBLISHED_ASSUMED_ZERO_BASELINE,UNPUBLISHED_ASSUMED_ZERO_BASELINE,NONE_DO_NOT_DOUBLE_COUNT,0.0107816711590296,0.23,5.29,4.81,4.86,30.36,-14.96,-77.75,7.1498391590300825
NGC 6218,251.809067,-1.948528,5.11,0.05,-0.198,-6.804,0.005,0.005,0.13,-41.67,0.14,2.5e-05,3.2500000000000006e-06,2.5e-05,6.144374999999999e-10,2.175e-05,2.825e-05,FIXED_CENTRE,CORRELATED_GAUSSIAN_2D,TRUNCATED_GAUSSIAN_D_GT_0,GAUSSIAN_1D,UNPUBLISHED_ASSUMED_ZERO_BASELINE,UNPUBLISHED_ASSUMED_ZERO_BASELINE,NONE_DO_NOT_DOUBLE_COUNT,0.009784735812133,0.13,3.77,1.24,2.26,-49.03,114.68,-85.24,3.9686899601757757
NGC 6229,251.745249,47.527796,30.11,0.4699999999999999,-1.156,-0.461,0.017,0.0179999999999999,0.17,-137.89,0.7099999999999999,0.000289,5.202e-05,0.0003239999999999,9.09299196e-08,0.0002516152990351,0.0003613847009648,FIXED_CENTRE,CORRELATED_GAUSSIAN_2D,TRUNCATED_GAUSSIAN_D_GT_0,GAUSSIAN_1D,UNPUBLISHED_ASSUMED_ZERO_BASELINE,UNPUBLISHED_ASSUMED_ZERO_BASELINE,NONE_DO_NOT_DOUBLE_COUNT,0.0156094320823646,0.17,1.71,22.03,19.47,-7.59,30.75,45.79,22.096266652989144
NGC 6235,253.355676,-22.177447,11.94,0.38,-3.942,-7.602,0.032,0.031,-0.13,126.68,0.33,0.001024,-0.00012896,0.0009609999999999,9.674333183999999e-07,0.0008597486098001,0.0011252513901998,FIXED_CENTRE,CORRELATED_GAUSSIAN_2D,TRUNCATED_GAUSSIAN_D_GT_0,GAUSSIAN_1D,UNPUBLISHED_ASSUMED_ZERO_BASELINE,UNPUBLISHED_ASSUMED_ZERO_BASELINE,NONE_DO_NOT_DOUBLE_COUNT,0.0318257956448911,0.13,-3.43,-0.22,2.79,-144.47,-227.91,-43.18,3.437048152121236
NGC 6254,254.28772,-4.100306,5.07,0.0599999999999999,-4.763,-6.611,0.0109999999999999,0.0109999999999999,-0.07,74.20999999999998,0.23,0.0001209999999999,-8.47e-06,0.0001209999999999,1.4569259099999996e-08,0.0001125299999999,0.0001294699999999,FIXED_CENTRE,CORRELATED_GAUSSIAN_2D,TRUNCATED_GAUSSIAN_D_GT_0,GAUSSIAN_1D,UNPUBLISHED_ASSUMED_ZERO_BASELINE,UNPUBLISHED_ASSUMED_ZERO_BASELINE,NONE_DO_NOT_DOUBLE_COUNT,0.0118343195266272,0.07,3.68,1.22,1.99,-122.9,80.21,48.71,3.876957570054127
NGC 6256,254.886107,-37.120968,7.24,0.2899999999999999,-3.685,-1.634,0.019,0.0179999999999999,-0.14,-99.75,0.66,0.0003609999999999,-4.788e-05,0.0003239999999999,1.1467150559999998e-07,0.0002911702386524,0.0003938297613475,FIXED_CENTRE,CORRELATED_GAUSSIAN_2D,TRUNCATED_GAUSSIAN_D_GT_0,GAUSSIAN_1D,UNPUBLISHED_ASSUMED_ZERO_BASELINE,UNPUBLISHED_ASSUMED_ZERO_BASELINE,NONE_DO_NOT_DOUBLE_COUNT,0.0400552486187845,0.14,1.11,-1.53,0.42,115.73,154.69,66.43,1.8902380802428038
NGC 6266,255.304153,-30.11339,6.03,0.0899999999999999,-5.03,-3.004,0.031,0.031,-0.05,-73.98,0.67,0.0009609999999999,-4.805e-05,0.0009609999999999,9.212121975e-07,0.0009129499999999,0.00100905,FIXED_CENTRE,CORRELATED_GAUSSIAN_2D,TRUNCATED_GAUSSIAN_D_GT_0,GAUSSIAN_1D,UNPUBLISHED_ASSUMED_ZERO_BASELINE,UNPUBLISHED_ASSUMED_ZERO_BASELINE,NONE_DO_NOT_DOUBLE_COUNT,0.0149253731343283,0.05,2.24,-0.67,0.77,87.09,106.94,59.64,2.33805474700658
NGC 6273,255.657486,-26.267971,8.34,0.16,-3.256,1.668,0.01,0.0089999999999999,0.0,145.54,0.5899999999999999,0.0001,0.0,8.099999999999999e-05,8.099999999999998e-09,8.099999999999999e-05,0.0001,FIXED_CENTRE,CORRELATED_GAUSSIAN_2D,TRUNCATED_GAUSSIAN_D_GT_0,GAUSSIAN_1D,UNPUBLISHED_ASSUMED_ZERO_BASELINE,UNPUBLISHED_ASSUMED_ZERO_BASELINE,NONE_DO_NOT_DOUBLE_COUNT,0.0191846522781774,0.0,-0.04,-0.45,1.36,-129.95,221.75,171.75,0.4517742799230607
NGC 6284,256.120114,-24.764799,14.21,0.4199999999999999,-3.205,-2.004,0.014,0.014,0.1,28.62,0.7299999999999999,0.000196,1.96e-05,0.000196,3.803184000000001e-08,0.0001764,0.0002156,FIXED_CENTRE,CORRELATED_GAUSSIAN_2D,TRUNCATED_GAUSSIAN_D_GT_0,GAUSSIAN_1D,UNPUBLISHED_ASSUMED_ZERO_BASELINE,UNPUBLISHED_ASSUMED_ZERO_BASELINE,NONE_DO_NOT_DOUBLE_COUNT,0.0295566502463054,0.1,-5.81,-0.4,2.45,-16.17,15.56,105.21,5.823753085425239
NGC 6287,256.288904,-22.708005,7.929999999999999,0.37,-4.991,-1.886,0.01,0.0089999999999999,-0.02,-294.74,1.65,0.0001,-1.8e-06,8.099999999999999e-05,8.096759999999998e-09,8.083097729860974e-05,0.0001001690227013,FIXED_CENTRE,CORRELATED_GAUSSIAN_2D,TRUNCATED_GAUSSIAN_D_GT_0,GAUSSIAN_1D,UNPUBLISHED_ASSUMED_ZERO_BASELINE,UNPUBLISHED_ASSUMED_ZERO_BASELINE,NONE_DO_NOT_DOUBLE_COUNT,0.0466582597730138,0.02,0.4,0.02,1.52,298.98,84.28,59.53,0.4004996878900158
NGC 6293,257.5425,-26.582083,9.19,0.28,0.8649999999999999,-4.33,0.02,0.02,-0.04,-143.66,0.39,0.0004,-1.6000000000000003e-05,0.0004,1.59744e-07,0.000384,0.000416,FIXED_CENTRE,CORRELATED_GAUSSIAN_2D,TRUNCATED_GAUSSIAN_D_GT_0,GAUSSIAN_1D,UNPUBLISHED_ASSUMED_ZERO_BASELINE,UNPUBLISHED_ASSUMED_ZERO_BASELINE,NONE_DO_NOT_DOUBLE_COUNT,0.030467899891186,0.04,-0.92,-0.38,1.25,117.36,126.19,-151.88,0.9953893710503443
NGC 6304,258.634399,-29.462028,6.15,0.1499999999999999,-4.073,-1.089,0.012,0.0109999999999999,0.05,-108.62,0.39,0.000144,6.6e-06,0.0001209999999999,1.738044e-08,0.0001192406636666,0.0001457593363333,FIXED_CENTRE,CORRELATED_GAUSSIAN_2D,TRUNCATED_GAUSSIAN_D_GT_0,GAUSSIAN_1D,UNPUBLISHED_ASSUMED_ZERO_BASELINE,UNPUBLISHED_ASSUMED_ZERO_BASELINE,NONE_DO_NOT_DOUBLE_COUNT,0.024390243902439,0.05,2.07,-0.45,0.58,110.98,166.2,75.17,2.1183484132691675
NGC 6316,259.155417,-28.140111,11.15,0.39,-4.974,-4.605,0.028,0.027,0.08,99.65,0.8399999999999999,0.000784,6.048e-05,0.0007289999999999,5.678781696e-07,0.0006900614539593,0.0008229385460406,FIXED_CENTRE,CORRELATED_GAUSSIAN_2D,TRUNCATED_GAUSSIAN_D_GT_0,GAUSSIAN_1D,UNPUBLISHED_ASSUMED_ZERO_BASELINE,UNPUBLISHED_ASSUMED_ZERO_BASELINE,NONE_DO_NOT_DOUBLE_COUNT,0.0349775784753363,0.08,-2.9,-0.55,1.12,-85.27,-102.1,92.58,2.9516944286290885
NGC 6325,259.496327,-23.767677,7.53,0.32,-8.288,-8.987,0.029,0.028,0.17,29.54,0.5799999999999998,0.000841,0.00013804,0.000784,6.402889584000001e-07,0.00067154861973,0.0009534513802699,FIXED_CENTRE,CORRELATED_GAUSSIAN_2D,TRUNCATED_GAUSSIAN_D_GT_0,GAUSSIAN_1D,UNPUBLISHED_ASSUMED_ZERO_BASELINE,UNPUBLISHED_ASSUMED_ZERO_BASELINE,NONE_DO_NOT_DOUBLE_COUNT,0.0424966799468791,0.17,0.72,0.13,1.05,-38.92,-179.39,73.6,0.7316419889536139
NGC 6333,259.799086,-18.516257,8.3,0.14,-2.179,-3.213,0.0089999999999999,0.008,0.07,310.75,2.12,8.099999999999999e-05,5.04e-06,6.4e-05,5.1585983999999994e-09,6.261811758823249e-05,8.23818824117675e-05,FIXED_CENTRE,CORRELATED_GAUSSIAN_2D,TRUNCATED_GAUSSIAN_D_GT_0,GAUSSIAN_1D,UNPUBLISHED_ASSUMED_ZERO_BASELINE,UNPUBLISHED_ASSUMED_ZERO_BASELINE,NONE_DO_NOT_DOUBLE_COUNT,0.016867469879518,0.07,0.06,0.79,1.54,-329.48,129.7,66.52,0.7922752047110904
NGC 6341,259.280762,43.135944,8.5,0.07,-4.934,-0.63,0.012,0.012,0.13,-120.55,0.27,0.000144,1.8720000000000004e-05,0.000144,2.03855616e-08,0.0001252799999999,0.00016272,FIXED_CENTRE,CORRELATED_GAUSSIAN_2D,TRUNCATED_GAUSSIAN_D_GT_0,GAUSSIAN_1D,UNPUBLISHED_ASSUMED_ZERO_BASELINE,UNPUBLISHED_ASSUMED_ZERO_BASELINE,NONE_DO_NOT_DOUBLE_COUNT,0.008235294117647,0.13,5.6,6.48,4.86,22.97,39.48,98.27,8.564484806455086
NGC 6342,260.291573,-19.587659,8.01,0.23,-2.915,-7.106,0.0129999999999999,0.0129999999999999,-0.07,115.75,0.9,0.0001689999999999,-1.183e-05,0.0001689999999999,2.84210511e-08,0.0001571699999999,0.0001808299999999,FIXED_CENTRE,CORRELATED_GAUSSIAN_2D,TRUNCATED_GAUSSIAN_D_GT_0,GAUSSIAN_1D,UNPUBLISHED_ASSUMED_ZERO_BASELINE,UNPUBLISHED_ASSUMED_ZERO_BASELINE,NONE_DO_NOT_DOUBLE_COUNT,0.0287141073657927,0.07,0.31,0.67,1.35,-158.75,-22.34,-29.08,0.73824115301167
NGC 6352,261.371277,-48.422169,5.54,0.07,-2.169,-4.43,0.008,0.008,0.17,-125.63,1.01,6.4e-05,1.088e-05,6.4e-05,3.9776256e-09,5.311999999999999e-05,7.488e-05,FIXED_CENTRE,CORRELATED_GAUSSIAN_2D,TRUNCATED_GAUSSIAN_D_GT_0,GAUSSIAN_1D,UNPUBLISHED_ASSUMED_ZERO_BASELINE,UNPUBLISHED_ASSUMED_ZERO_BASELINE,NONE_DO_NOT_DOUBLE_COUNT,0.0126353790613718,0.17,2.96,-1.75,-0.69,149.96,170.76,6.51,3.4386189088062666
NGC 6355,260.993533,-26.352827,8.65,0.22,-4.732,-0.558,0.0149999999999999,0.014,0.27,-195.85,0.55,0.0002249999999999,5.67e-05,0.000196,4.088511000000001e-08,0.0001519753043579,0.000269024695642,FIXED_CENTRE,CORRELATED_GAUSSIAN_2D,TRUNCATED_GAUSSIAN_D_GT_0,GAUSSIAN_1D,UNPUBLISHED_ASSUMED_ZERO_BASELINE,UNPUBLISHED_ASSUMED_ZERO_BASELINE,NONE_DO_NOT_DOUBLE_COUNT,0.0254335260115606,0.27,-0.44,-0.06,0.82,198.82,126.39,136.36,0.4440720662234903
NGC 6356,260.895804,-17.813027,15.66,0.92,-3.769,-3.41,0.0109999999999999,0.01,0.0299999999999999,48.18,1.82,0.0001209999999999,3.2999999999999997e-06,0.0001,1.208911e-08,9.949363820329352e-05,0.0001215063617967,FIXED_CENTRE,CORRELATED_GAUSSIAN_2D,TRUNCATED_GAUSSIAN_D_GT_0,GAUSSIAN_1D,UNPUBLISHED_ASSUMED_ZERO_BASELINE,UNPUBLISHED_ASSUMED_ZERO_BASELINE,NONE_DO_NOT_DOUBLE_COUNT,0.0587484035759897,0.0299999999999999,-7.12,1.8,2.78,-83.82,-106.31,111.08,7.344004357297183
NGC 6362,262.979096,-67.048332,7.65,0.07,-5.502,-4.761,0.006,0.006,0.07,-14.58,0.1799999999999999,3.6e-05,2.5200000000000004e-06,3.6e-05,1.2896495999999999e-09,3.348e-05,3.852e-05,FIXED_CENTRE,CORRELATED_GAUSSIAN_2D,TRUNCATED_GAUSSIAN_D_GT_0,GAUSSIAN_1D,UNPUBLISHED_ASSUMED_ZERO_BASELINE,UNPUBLISHED_ASSUMED_ZERO_BASELINE,NONE_DO_NOT_DOUBLE_COUNT,0.0091503267973856,0.07,2.16,-4.12,-2.31,117.09,40.56,99.81,4.651881339845203
NGC 6366,261.934357,-5.079861,3.44,0.05,-0.342,-5.155,0.008,0.008,0.2,-120.65,0.19,6.4e-05,1.28e-05,6.4e-05,3.93216e-09,5.12e-05,7.679999999999998e-05,FIXED_CENTRE,CORRELATED_GAUSSIAN_2D,TRUNCATED_GAUSSIAN_D_GT_0,GAUSSIAN_1D,UNPUBLISHED_ASSUMED_ZERO_BASELINE,UNPUBLISHED_ASSUMED_ZERO_BASELINE,NONE_DO_NOT_DOUBLE_COUNT,0.0145348837209302,0.2,5.04,1.05,0.95,65.24,147.16,-62.03,5.1482132822951305
NGC 6380,263.618611,-39.06953,9.61,0.2999999999999999,-2.186,-3.256,0.017,0.016,-0.02,-1.48,0.7299999999999999,0.000289,-5.44e-06,0.0002559999999999,7.395440640000001e-08,0.0002551263532901,0.0002898736467098,FIXED_CENTRE,CORRELATED_GAUSSIAN_2D,TRUNCATED_GAUSSIAN_D_GT_0,GAUSSIAN_1D,UNPUBLISHED_ASSUMED_ZERO_BASELINE,UNPUBLISHED_ASSUMED_ZERO_BASELINE,NONE_DO_NOT_DOUBLE_COUNT,0.0312174817898022,0.02,-1.27,-1.64,-0.57,20.58,76.51,11.08,2.074246851269154
NGC 6388,264.071777,-44.7355,11.17,0.16,-1.317,-2.715,0.007,0.007,0.01,83.11,0.45,4.9000000000000005e-05,4.900000000000001e-07,4.9000000000000005e-05,2.4007599000000007e-09,4.851000000000001e-05,4.949e-05,FIXED_CENTRE,CORRELATED_GAUSSIAN_2D,TRUNCATED_GAUSSIAN_D_GT_0,GAUSSIAN_1D,UNPUBLISHED_ASSUMED_ZERO_BASELINE,UNPUBLISHED_ASSUMED_ZERO_BASELINE,NONE_DO_NOT_DOUBLE_COUNT,0.0143240823634735,0.01,-2.57,-2.77,-1.31,-49.47,78.28,-19.32,3.778597623457676
NGC 6397,265.175385,-53.674335,2.48,0.02,3.251,-17.649,0.005,0.005,-0.25,18.51,0.08,2.5e-05,-6.25e-06,2.5e-05,5.859375e-10,1.875e-05,3.125e-05,FIXED_CENTRE,CORRELATED_GAUSSIAN_2D,TRUNCATED_GAUSSIAN_D_GT_0,GAUSSIAN_1D,UNPUBLISHED_ASSUMED_ZERO_BASELINE,UNPUBLISHED_ASSUMED_ZERO_BASELINE,NONE_DO_NOT_DOUBLE_COUNT,0.0080645161290322,0.25,5.92,-0.9,-0.51,58.24,106.68,-130.34,5.98802137604735
NGC 6401,264.652191,-23.909605,7.44,0.22,-2.762,1.464,0.01,0.008,0.2899999999999999,-105.44,2.5,0.0001,2.32e-05,6.4e-05,5.861759999999999e-09,5.263607655642727e-05,0.0001113639234435,FIXED_CENTRE,CORRELATED_GAUSSIAN_2D,TRUNCATED_GAUSSIAN_D_GT_0,GAUSSIAN_1D,UNPUBLISHED_ASSUMED_ZERO_BASELINE,UNPUBLISHED_ASSUMED_ZERO_BASELINE,NONE_DO_NOT_DOUBLE_COUNT,0.0295698924731182,0.2899999999999999,0.77,0.45,0.52,101.04,237.5,109.65,0.8918520056601319
NGC 6402,264.400651,-3.245916,9.14,0.25,-3.599,-5.055,0.006,0.006,0.12,-60.71,0.45,3.6e-05,4.319999999999999e-06,3.6e-05,1.2773376e-09,3.168e-05,4.032e-05,FIXED_CENTRE,CORRELATED_GAUSSIAN_2D,TRUNCATED_GAUSSIAN_D_GT_0,GAUSSIAN_1D,UNPUBLISHED_ASSUMED_ZERO_BASELINE,UNPUBLISHED_ASSUMED_ZERO_BASELINE,NONE_DO_NOT_DOUBLE_COUNT,0.0273522975929978,0.12,-0.06,3.21,2.34,-46.65,-20.92,20.2,3.2105606986942328
NGC 6426,266.22796,3.170142,20.71,0.3499999999999999,-1.821,-2.998,0.016,0.0149999999999999,0.27,-210.51,0.51,0.0002559999999999,6.48e-05,0.0002249999999999,5.340096e-08,0.0001738720028816,0.0003071279971183,FIXED_CENTRE,CORRELATED_GAUSSIAN_2D,TRUNCATED_GAUSSIAN_D_GT_0,GAUSSIAN_1D,UNPUBLISHED_ASSUMED_ZERO_BASELINE,UNPUBLISHED_ASSUMED_ZERO_BASELINE,NONE_DO_NOT_DOUBLE_COUNT,0.0169000482858522,0.27,-9.36,9.36,5.79,11.24,-149.16,-29.02,13.237038943812168
NGC 6440,267.220167,-20.360417,8.25,0.2399999999999999,-1.189,-4.004,0.024,0.024,0.34,-69.39,0.93,0.000576,0.00019584,0.000576,2.934226944e-07,0.0003801599999999,0.0007718399999999,FIXED_CENTRE,CORRELATED_GAUSSIAN_2D,TRUNCATED_GAUSSIAN_D_GT_0,GAUSSIAN_1D,UNPUBLISHED_ASSUMED_ZERO_BASELINE,UNPUBLISHED_ASSUMED_ZERO_BASELINE,NONE_DO_NOT_DOUBLE_COUNT,0.029090909090909,0.34,0.02,1.11,0.55,33.58,86.46,-37.51,1.110180165558726
NGC 6441,267.554413,-37.051445,12.73,0.16,-2.566,-5.373,0.02,0.02,0.17,18.47,0.56,0.0004,6.800000000000001e-05,0.0004,1.55376e-07,0.0003319999999999,0.000468,FIXED_CENTRE,CORRELATED_GAUSSIAN_2D,TRUNCATED_GAUSSIAN_D_GT_0,GAUSSIAN_1D,UNPUBLISHED_ASSUMED_ZERO_BASELINE,UNPUBLISHED_ASSUMED_ZERO_BASELINE,NONE_DO_NOT_DOUBLE_COUNT,0.0125687352710133,0.17,-4.42,-1.43,-1.11,13.63,-105.17,-25.31,4.645567780153466
NGC 6453,267.715508,-34.598477,10.07,0.22,0.165,-5.92,0.021,0.021,0.1799999999999999,-99.23,1.24,0.000441,7.938e-05,0.000441,1.8817981560000002e-07,0.00036162,0.00052038,FIXED_CENTRE,CORRELATED_GAUSSIAN_2D,TRUNCATED_GAUSSIAN_D_GT_0,GAUSSIAN_1D,UNPUBLISHED_ASSUMED_ZERO_BASELINE,UNPUBLISHED_ASSUMED_ZERO_BASELINE,NONE_DO_NOT_DOUBLE_COUNT,0.0218470705064548,0.1799999999999999,-1.84,-0.75,-0.68,115.63,21.74,-136.21,1.9869826370655583
NGC 6496,269.76535,-44.265945,9.64,0.1499999999999999,-3.066,-9.257,0.006,0.005,0.16,-134.72,0.26,3.6e-05,4.800000000000001e-06,2.5e-05,8.769599999999999e-10,2.32e-05,3.78e-05,FIXED_CENTRE,CORRELATED_GAUSSIAN_2D,TRUNCATED_GAUSSIAN_D_GT_0,GAUSSIAN_1D,UNPUBLISHED_ASSUMED_ZERO_BASELINE,UNPUBLISHED_ASSUMED_ZERO_BASELINE,NONE_DO_NOT_DOUBLE_COUNT,0.0155601659751037,0.16,-1.11,-1.97,-1.68,222.91,-146.82,-45.56,2.2611943746613203
NGC 6517,270.46075,-8.958778,9.23,0.56,-1.554,-4.452,0.0179999999999999,0.017,0.34,-35.06,1.65,0.0003239999999999,0.00010404,0.000289,8.28116784e-08,0.0002009984758403,0.0004120015241596,FIXED_CENTRE,CORRELATED_GAUSSIAN_2D,TRUNCATED_GAUSSIAN_D_GT_0,GAUSSIAN_1D,UNPUBLISHED_ASSUMED_ZERO_BASELINE,UNPUBLISHED_ASSUMED_ZERO_BASELINE,NONE_DO_NOT_DOUBLE_COUNT,0.0606717226435536,0.34,-0.47,3.02,1.09,-49.03,50.13,-31.3,3.0563540370840547
NGC 6522,270.891958,-30.033974,7.29,0.2099999999999999,2.586,-6.432,0.014,0.014,0.2899999999999999,-15.23,0.4899999999999999,0.000196,5.683999999999999e-05,0.000196,3.518521440000001e-08,0.00013916,0.00025284,FIXED_CENTRE,CORRELATED_GAUSSIAN_2D,TRUNCATED_GAUSSIAN_D_GT_0,GAUSSIAN_1D,UNPUBLISHED_ASSUMED_ZERO_BASELINE,UNPUBLISHED_ASSUMED_ZERO_BASELINE,NONE_DO_NOT_DOUBLE_COUNT,0.0288065843621399,0.2899999999999999,0.9,0.13,-0.5,14.18,101.3,-177.94,0.9093404203047394
NGC 6528,271.206697,-30.055778,7.83,0.2399999999999999,-2.173,-5.643,0.021,0.019,0.13,211.86,0.4299999999999999,0.000441,5.187e-05,0.0003609999999999,1.5651050310000006e-07,0.0003354981152942,0.0004665018847057,FIXED_CENTRE,CORRELATED_GAUSSIAN_2D,TRUNCATED_GAUSSIAN_D_GT_0,GAUSSIAN_1D,UNPUBLISHED_ASSUMED_ZERO_BASELINE,UNPUBLISHED_ASSUMED_ZERO_BASELINE,NONE_DO_NOT_DOUBLE_COUNT,0.0306513409961685,0.13,0.37,0.16,-0.57,-224.49,34.2,-39.4,0.4031128874149275
NGC 6535,270.960449,-0.2976389999999999,6.36,0.12,-4.213,-2.935,0.014,0.0129999999999999,0.19,-214.85,0.46,0.000196,3.458e-05,0.0001689999999999,3.19282236e-08,0.0001453782220253,0.0002196217779746,FIXED_CENTRE,CORRELATED_GAUSSIAN_2D,TRUNCATED_GAUSSIAN_D_GT_0,GAUSSIAN_1D,UNPUBLISHED_ASSUMED_ZERO_BASELINE,UNPUBLISHED_ASSUMED_ZERO_BASELINE,NONE_DO_NOT_DOUBLE_COUNT,0.0188679245283018,0.19,2.61,2.86,1.15,125.6,27.55,38.55,3.8719116725462626
NGC 6539,271.207276,-7.585858,8.16,0.39,-6.883,-3.549,0.0089999999999999,0.008,0.4099999999999999,35.19,0.5,8.099999999999999e-05,2.952e-05,6.4e-05,4.3125696e-09,4.178061849580952e-05,0.0001032193815041,FIXED_CENTRE,CORRELATED_GAUSSIAN_2D,TRUNCATED_GAUSSIAN_D_GT_0,GAUSSIAN_1D,UNPUBLISHED_ASSUMED_ZERO_BASELINE,UNPUBLISHED_ASSUMED_ZERO_BASELINE,NONE_DO_NOT_DOUBLE_COUNT,0.0477941176470588,0.4099999999999999,0.6,2.88,0.96,-113.35,25.57,178.27,2.9418361613115027
NGC 6540,271.535657,-27.765286,5.91,0.27,-3.695,-2.818,0.019,0.0179999999999999,0.23,-16.5,0.78,0.0003609999999999,7.865999999999998e-05,0.0003239999999999,1.1077660440000001e-07,0.0002616937774673,0.0004233062225326,FIXED_CENTRE,CORRELATED_GAUSSIAN_2D,TRUNCATED_GAUSSIAN_D_GT_0,GAUSSIAN_1D,UNPUBLISHED_ASSUMED_ZERO_BASELINE,UNPUBLISHED_ASSUMED_ZERO_BASELINE,NONE_DO_NOT_DOUBLE_COUNT,0.0456852791878172,0.23,2.29,0.34,-0.34,-4.5,132.39,60.24,2.315102589519523
NGC 6541,272.009827,-43.714889,7.61,0.1,0.2829999999999999,-8.832,0.006,0.005,0.0899999999999999,-163.97,0.46,3.6e-05,2.7e-06,2.5e-05,8.927100000000001e-10,2.437301052718385e-05,3.662698947281616e-05,FIXED_CENTRE,CORRELATED_GAUSSIAN_2D,TRUNCATED_GAUSSIAN_D_GT_0,GAUSSIAN_1D,UNPUBLISHED_ASSUMED_ZERO_BASELINE,UNPUBLISHED_ASSUMED_ZERO_BASELINE,NONE_DO_NOT_DOUBLE_COUNT,0.0131406044678055,0.0899999999999999,0.84,-1.39,-1.48,228.17,13.34,-111.74,1.6240997506310995
NGC 6544,271.833833,-24.998222,2.58,0.0599999999999999,-2.269,-18.615,0.0259999999999999,0.0259999999999999,0.02,-38.46,0.67,0.0006759999999999,1.3519999999999998e-05,0.0006759999999999,4.567932096e-07,0.0006624799999999,0.00068952,FIXED_CENTRE,CORRELATED_GAUSSIAN_2D,TRUNCATED_GAUSSIAN_D_GT_0,GAUSSIAN_1D,UNPUBLISHED_ASSUMED_ZERO_BASELINE,UNPUBLISHED_ASSUMED_ZERO_BASELINE,NONE_DO_NOT_DOUBLE_COUNT,0.0232558139534883,0.02,5.61,0.26,-0.1,8.81,36.42,-77.57,5.6160217236047085
NGC 6553,272.322992,-25.908067,5.33,0.13,0.3539999999999999,-0.4269999999999999,0.0129999999999999,0.0129999999999999,0.22,-0.27,0.34,0.0001689999999999,3.717999999999999e-05,0.0001689999999999,2.71786476e-08,0.0001318199999999,0.0002061799999999,FIXED_CENTRE,CORRELATED_GAUSSIAN_2D,TRUNCATED_GAUSSIAN_D_GT_0,GAUSSIAN_1D,UNPUBLISHED_ASSUMED_ZERO_BASELINE,UNPUBLISHED_ASSUMED_ZERO_BASELINE,NONE_DO_NOT_DOUBLE_COUNT,0.024390243902439,0.22,2.88,0.49,-0.28,-10.62,247.02,-5.76,2.92138665705175
NGC 6558,272.573974,-31.764508,7.79,0.1799999999999999,-1.752,-4.167,0.017,0.016,0.0599999999999999,-195.12,0.7299999999999999,0.000289,1.6320000000000003e-05,0.0002559999999999,7.371765760000002e-08,0.0002492924064151,0.0002957075935848,FIXED_CENTRE,CORRELATED_GAUSSIAN_2D,TRUNCATED_GAUSSIAN_D_GT_0,GAUSSIAN_1D,UNPUBLISHED_ASSUMED_ZERO_BASELINE,UNPUBLISHED_ASSUMED_ZERO_BASELINE,NONE_DO_NOT_DOUBLE_COUNT,0.0231065468549422,0.0599999999999999,0.44,0.03,-0.82,184.04,85.48,11.86,0.4410215414239989
NGC 6569,273.411667,-31.826889,10.53,0.26,-4.142,-7.333,0.01,0.0089999999999999,0.16,-49.83,0.5,0.0001,1.44e-05,8.099999999999999e-05,7.892639999999998e-09,7.324862324334662e-05,0.0001077513767566,FIXED_CENTRE,CORRELATED_GAUSSIAN_2D,TRUNCATED_GAUSSIAN_D_GT_0,GAUSSIAN_1D,UNPUBLISHED_ASSUMED_ZERO_BASELINE,UNPUBLISHED_ASSUMED_ZERO_BASELINE,NONE_DO_NOT_DOUBLE_COUNT,0.0246913580246913,0.16,-2.28,0.09,-1.23,33.52,-168.57,24.53,2.28177562437677
NGC 6584,274.656647,-52.215778,13.61,0.17,-0.08,-7.195,0.008,0.008,-0.08,260.64,1.58,6.4e-05,-5.12e-06,6.4e-05,4.0697856e-09,5.888e-05,6.912e-05,FIXED_CENTRE,CORRELATED_GAUSSIAN_2D,TRUNCATED_GAUSSIAN_D_GT_0,GAUSSIAN_1D,UNPUBLISHED_ASSUMED_ZERO_BASELINE,UNPUBLISHED_ASSUMED_ZERO_BASELINE,NONE_DO_NOT_DOUBLE_COUNT,0.0124908155767817,0.08,-4.25,-4.0,-3.85,-69.58,-216.63,-238.12,5.836308764964376
NGC 6624,275.918793,-30.361029,8.019999999999998,0.11,0.127,-6.956,0.014,0.014,-0.01,54.79,0.4,0.000196,-1.9600000000000003e-06,0.000196,3.841215840000001e-08,0.00019404,0.00019796,FIXED_CENTRE,CORRELATED_GAUSSIAN_2D,TRUNCATED_GAUSSIAN_D_GT_0,GAUSSIAN_1D,UNPUBLISHED_ASSUMED_ZERO_BASELINE,UNPUBLISHED_ASSUMED_ZERO_BASELINE,NONE_DO_NOT_DOUBLE_COUNT,0.013715710723192,0.01,0.24,0.39,-1.1,-59.64,20.64,-122.99,0.45793012567421243
NGC 6626,276.137039,-24.869847,5.37,0.1,-0.3029999999999999,-8.931,0.0179999999999999,0.0179999999999999,-0.26,11.11,0.5999999999999999,0.0003239999999999,-8.423999999999998e-05,0.0003239999999999,9.787962239999997e-08,0.0002397599999999,0.0004082399999999,FIXED_CENTRE,CORRELATED_GAUSSIAN_2D,TRUNCATED_GAUSSIAN_D_GT_0,GAUSSIAN_1D,UNPUBLISHED_ASSUMED_ZERO_BASELINE,UNPUBLISHED_ASSUMED_ZERO_BASELINE,NONE_DO_NOT_DOUBLE_COUNT,0.0186219739292365,0.26,2.88,0.72,-0.52,-40.52,48.96,-90.99,2.9686360504447156
NGC 6637,277.846252,-32.348084,8.9,0.1,-5.053,-5.825,0.007,0.007,0.4,47.48,1.0,4.9000000000000005e-05,1.96e-05,4.9000000000000005e-05,2.0168400000000007e-09,2.9400000000000003e-05,6.860000000000001e-05,FIXED_CENTRE,CORRELATED_GAUSSIAN_2D,TRUNCATED_GAUSSIAN_D_GT_0,GAUSSIAN_1D,UNPUBLISHED_ASSUMED_ZERO_BASELINE,UNPUBLISHED_ASSUMED_ZERO_BASELINE,NONE_DO_NOT_DOUBLE_COUNT,0.0112359550561797,0.4,-0.58,0.26,-1.59,-82.47,-59.69,82.89,0.6356099432828282
NGC 6638,277.733734,-25.497473,9.78,0.34,-2.515,-4.069,0.0109999999999999,0.01,0.2,8.63,2.0,0.0001209999999999,2.2000000000000003e-05,0.0001,1.1616e-08,8.612275651350219e-05,0.0001348772434864,FIXED_CENTRE,CORRELATED_GAUSSIAN_2D,TRUNCATED_GAUSSIAN_D_GT_0,GAUSSIAN_1D,UNPUBLISHED_ASSUMED_ZERO_BASELINE,UNPUBLISHED_ASSUMED_ZERO_BASELINE,NONE_DO_NOT_DOUBLE_COUNT,0.0347648261758691,0.2,-1.43,1.33,-1.22,-52.31,35.04,25.45,1.952895286491316
NGC 6642,277.975957,-23.475602,8.05,0.2,-0.1749999999999999,-3.9,0.0129999999999999,0.0129999999999999,0.23,-60.61,1.35,0.0001689999999999,3.887e-05,0.0001689999999999,2.7050123100000002e-08,0.00013013,0.0002078699999999,FIXED_CENTRE,CORRELATED_GAUSSIAN_2D,TRUNCATED_GAUSSIAN_D_GT_0,GAUSSIAN_1D,UNPUBLISHED_ASSUMED_ZERO_BASELINE,UNPUBLISHED_ASSUMED_ZERO_BASELINE,NONE_DO_NOT_DOUBLE_COUNT,0.0248447204968944,0.23,0.3,1.36,-0.9,31.86,106.97,-46.79,1.3926952286842949
NGC 6652,278.940125,-32.990723,9.46,0.14,-5.496,-4.25,0.012,0.012,0.07,-95.37,0.8599999999999999,0.000144,1.0080000000000002e-05,0.000144,2.06343936e-08,0.0001339199999999,0.00015408,FIXED_CENTRE,CORRELATED_GAUSSIAN_2D,TRUNCATED_GAUSSIAN_D_GT_0,GAUSSIAN_1D,UNPUBLISHED_ASSUMED_ZERO_BASELINE,UNPUBLISHED_ASSUMED_ZERO_BASELINE,NONE_DO_NOT_DOUBLE_COUNT,0.014799154334038,0.07,-1.1,0.25,-1.87,46.85,-26.61,165.75,1.1280514172678477
NGC 6656,279.099762,-23.904749,3.3,0.04,9.841,-5.607,0.0089999999999999,0.0089999999999999,0.2,-148.72,0.78,8.099999999999999e-05,1.6199999999999997e-05,8.099999999999999e-05,6.2985599999999986e-09,6.479999999999999e-05,9.72e-05,FIXED_CENTRE,CORRELATED_GAUSSIAN_2D,TRUNCATED_GAUSSIAN_D_GT_0,GAUSSIAN_1D,UNPUBLISHED_ASSUMED_ZERO_BASELINE,UNPUBLISHED_ASSUMED_ZERO_BASELINE,NONE_DO_NOT_DOUBLE_COUNT,0.0121212121212121,0.2,4.95,0.56,-0.43,155.31,212.88,-148.73,4.981576055828115
NGC 6681,280.803162,-32.29211,9.36,0.11,1.42,-4.73,0.0129999999999999,0.012,0.22,216.62,0.8399999999999999,0.0001689999999999,3.432e-05,0.000144,2.31581376e-08,0.0001199744965811,0.0001930255034188,FIXED_CENTRE,CORRELATED_GAUSSIAN_2D,TRUNCATED_GAUSSIAN_D_GT_0,GAUSSIAN_1D,UNPUBLISHED_ASSUMED_ZERO_BASELINE,UNPUBLISHED_ASSUMED_ZERO_BASELINE,NONE_DO_NOT_DOUBLE_COUNT,0.0117521367521367,0.22,-0.95,0.45,-2.03,-199.39,96.15,-180.24,1.0511898020814319
NGC 6712,283.268021,-8.70596,7.38,0.2399999999999999,3.355,-4.44,0.007,0.007,0.13,-107.45,0.2899999999999999,4.9000000000000005e-05,6.37e-06,4.9000000000000005e-05,2.3604231000000006e-09,4.263e-05,5.537000000000001e-05,FIXED_CENTRE,CORRELATED_GAUSSIAN_2D,TRUNCATED_GAUSSIAN_D_GT_0,GAUSSIAN_1D,UNPUBLISHED_ASSUMED_ZERO_BASELINE,UNPUBLISHED_ASSUMED_ZERO_BASELINE,NONE_DO_NOT_DOUBLE_COUNT,0.032520325203252,0.13,1.53,3.15,-0.56,60.92,123.26,-159.05,3.5019137625018693
NGC 6715,283.763855,-30.479862,26.28,0.33,-2.682,-1.374,0.007,0.007,0.25,143.13,0.4299999999999999,4.9000000000000005e-05,1.225e-05,4.9000000000000005e-05,2.2509375e-09,3.6750000000000006e-05,6.125000000000001e-05,FIXED_CENTRE,CORRELATED_GAUSSIAN_2D,TRUNCATED_GAUSSIAN_D_GT_0,GAUSSIAN_1D,UNPUBLISHED_ASSUMED_ZERO_BASELINE,UNPUBLISHED_ASSUMED_ZERO_BASELINE,NONE_DO_NOT_DOUBLE_COUNT,0.0125570776255707,0.25,-17.19,2.49,-6.4,-235.36,-17.11,203.74,17.369404134857366
NGC 6717,283.775177,-22.701473,7.519999999999999,0.13,-3.153,-5.008,0.016,0.016,0.3499999999999999,30.25,0.9,0.0002559999999999,8.959999999999998e-05,0.0002559999999999,5.750784e-08,0.0001663999999999,0.0003456,FIXED_CENTRE,CORRELATED_GAUSSIAN_2D,TRUNCATED_GAUSSIAN_D_GT_0,GAUSSIAN_1D,UNPUBLISHED_ASSUMED_ZERO_BASELINE,UNPUBLISHED_ASSUMED_ZERO_BASELINE,NONE_DO_NOT_DOUBLE_COUNT,0.0172872340425531,0.3499999999999999,0.98,1.65,-1.42,-91.59,55.81,27.44,1.919088325221119
NGC 6723,284.888123,-36.632248,8.269999999999998,0.1,1.018,-2.41,0.006,0.006,0.2099999999999999,-94.39,0.26,3.6e-05,7.56e-06,3.6e-05,1.2388464e-09,2.844e-05,4.356e-05,FIXED_CENTRE,CORRELATED_GAUSSIAN_2D,TRUNCATED_GAUSSIAN_D_GT_0,GAUSSIAN_1D,UNPUBLISHED_ASSUMED_ZERO_BASELINE,UNPUBLISHED_ASSUMED_ZERO_BASELINE,NONE_DO_NOT_DOUBLE_COUNT,0.0120918984280532,0.2099999999999999,0.28,0.01,-2.46,100.19,178.63,-32.93,0.280178514522438
NGC 6749,286.314056,1.899756,7.59,0.2099999999999999,-2.872,-5.981,0.027,0.027,0.1,-58.44,0.96,0.0007289999999999,7.289999999999998e-05,0.0007289999999999,5.261265899999999e-07,0.0006560999999999,0.0008018999999999,FIXED_CENTRE,CORRELATED_GAUSSIAN_2D,TRUNCATED_GAUSSIAN_D_GT_0,GAUSSIAN_1D,UNPUBLISHED_ASSUMED_ZERO_BASELINE,UNPUBLISHED_ASSUMED_ZERO_BASELINE,NONE_DO_NOT_DOUBLE_COUNT,0.0276679841897233,0.1,2.06,4.48,-0.29,-104.73,25.0,2.83,4.930922834520938
NGC 6752,287.717102,-59.984554,4.12,0.04,-3.16,-4.024,0.012,0.012,0.0299999999999999,-26.01,0.12,0.000144,4.319999999999999e-06,0.000144,2.07173376e-08,0.0001396799999999,0.00014832,FIXED_CENTRE,CORRELATED_GAUSSIAN_2D,TRUNCATED_GAUSSIAN_D_GT_0,GAUSSIAN_1D,UNPUBLISHED_ASSUMED_ZERO_BASELINE,UNPUBLISHED_ASSUMED_ZERO_BASELINE,NONE_DO_NOT_DOUBLE_COUNT,0.0097087378640776,0.0299999999999999,4.77,-1.48,-1.78,27.25,172.35,60.49,4.994326781459138
NGC 6760,287.800268,1.030466,8.41,0.4299999999999999,-1.093,-3.632,0.008,0.007,0.2999999999999999,-2.37,1.27,6.4e-05,1.68e-05,4.9000000000000005e-05,2.8537600000000003e-09,3.8101902272245646e-05,7.489809772775436e-05,FIXED_CENTRE,CORRELATED_GAUSSIAN_2D,TRUNCATED_GAUSSIAN_D_GT_0,GAUSSIAN_1D,UNPUBLISHED_ASSUMED_ZERO_BASELINE,UNPUBLISHED_ASSUMED_ZERO_BASELINE,NONE_DO_NOT_DOUBLE_COUNT,0.0511296076099881,0.2999999999999999,1.4,4.95,-0.58,-95.28,129.61,-20.16,5.144171459039833
NGC 6779,289.148193,30.183472,10.43,0.14,-2.003,1.617,0.007,0.007,0.07,-136.97,0.45,4.9000000000000005e-05,3.4300000000000006e-06,4.9000000000000005e-05,2.3892351000000004e-09,4.5570000000000006e-05,5.243000000000001e-05,FIXED_CENTRE,CORRELATED_GAUSSIAN_2D,TRUNCATED_GAUSSIAN_D_GT_0,GAUSSIAN_1D,UNPUBLISHED_ASSUMED_ZERO_BASELINE,UNPUBLISHED_ASSUMED_ZERO_BASELINE,NONE_DO_NOT_DOUBLE_COUNT,0.0134228187919463,0.07,3.44,9.17,1.51,83.5,128.29,110.44,9.79400326730597
NGC 6809,294.998779,-30.96475,5.35,0.05,-3.435,-9.296,0.007,0.007,-0.05,174.7,0.17,4.9000000000000005e-05,-2.4500000000000003e-06,4.9000000000000005e-05,2.3949975e-09,4.655000000000001e-05,5.145e-05,FIXED_CENTRE,CORRELATED_GAUSSIAN_2D,TRUNCATED_GAUSSIAN_D_GT_0,GAUSSIAN_1D,UNPUBLISHED_ASSUMED_ZERO_BASELINE,UNPUBLISHED_ASSUMED_ZERO_BASELINE,NONE_DO_NOT_DOUBLE_COUNT,0.0093457943925233,0.05,3.32,0.75,-2.11,-210.78,28.97,-55.46,3.403659794985392
NGC 6838,298.443726,18.779194,4.0,0.05,-3.412,-2.662,0.0109999999999999,0.0109999999999999,-0.0599999999999999,-22.72,0.2,0.0001209999999999,-7.259999999999998e-06,0.0001209999999999,1.4588292399999997e-08,0.0001137399999999,0.00012826,FIXED_CENTRE,CORRELATED_GAUSSIAN_2D,TRUNCATED_GAUSSIAN_D_GT_0,GAUSSIAN_1D,UNPUBLISHED_ASSUMED_ZERO_BASELINE,UNPUBLISHED_ASSUMED_ZERO_BASELINE,NONE_DO_NOT_DOUBLE_COUNT,0.0125,0.0599999999999999,5.99,3.34,-0.32,-63.91,193.37,38.86,6.858257796262839
NGC 6864,301.519784,-21.921164,20.52,0.45,-0.6139999999999999,-2.796,0.016,0.0149999999999999,0.1799999999999999,-189.08,1.12,0.0002559999999999,4.319999999999999e-05,0.0002249999999999,5.573375999999999e-08,0.0001946034859711,0.0002863965140288,FIXED_CENTRE,CORRELATED_GAUSSIAN_2D,TRUNCATED_GAUSSIAN_D_GT_0,GAUSSIAN_1D,UNPUBLISHED_ASSUMED_ZERO_BASELINE,UNPUBLISHED_ASSUMED_ZERO_BASELINE,NONE_DO_NOT_DOUBLE_COUNT,0.0219298245614035,0.1799999999999999,-9.15,6.41,-8.91,69.15,-71.35,53.63,11.17186645104568
NGC 6934,308.547394,7.404472,15.72,0.17,-2.658,-4.691,0.008,0.007,0.12,-406.22,0.7299999999999999,6.4e-05,6.72e-06,4.9000000000000005e-05,3.0908415999999997e-09,4.642982621798413e-05,6.657017378201589e-05,FIXED_CENTRE,CORRELATED_GAUSSIAN_2D,TRUNCATED_GAUSSIAN_D_GT_0,GAUSSIAN_1D,UNPUBLISHED_ASSUMED_ZERO_BASELINE,UNPUBLISHED_ASSUMED_ZERO_BASELINE,NONE_DO_NOT_DOUBLE_COUNT,0.0108142493638676,0.12,-0.96,11.73,-5.09,-88.22,-302.01,122.23,11.769218325785278
NGC 6981,313.365417,-12.537306,16.66,0.1799999999999999,-1.261,-3.369,0.007,0.005,0.08,-331.39,1.47,4.9000000000000005e-05,2.8000000000000003e-06,2.5e-05,1.2171600000000002e-09,2.4677662559400516e-05,4.93223374405995e-05,FIXED_CENTRE,CORRELATED_GAUSSIAN_2D,TRUNCATED_GAUSSIAN_D_GT_0,GAUSSIAN_1D,UNPUBLISHED_ASSUMED_ZERO_BASELINE,UNPUBLISHED_ASSUMED_ZERO_BASELINE,NONE_DO_NOT_DOUBLE_COUNT,0.0108043217286914,0.08,-3.29,8.08,-9.0,62.03,-146.06,170.23,8.724133194764967
NGC 7006,315.372626,16.187323,39.32,0.56,-0.115,-0.6189999999999999,0.01,0.0089999999999999,0.0299999999999999,-383.47,0.7299999999999999,0.0001,2.7e-06,8.099999999999999e-05,8.092709999999999e-09,8.062376589989889e-05,0.0001003762341001,FIXED_CENTRE,CORRELATED_GAUSSIAN_2D,TRUNCATED_GAUSSIAN_D_GT_0,GAUSSIAN_1D,UNPUBLISHED_ASSUMED_ZERO_BASELINE,UNPUBLISHED_ASSUMED_ZERO_BASELINE,NONE_DO_NOT_DOUBLE_COUNT,0.0142421159715157,0.0299999999999999,-8.21,33.27,-13.06,62.61,-134.21,84.85,34.26801715886112
NGC 7078,322.493042,12.167001,10.71,0.1,-0.648,-3.801,0.0089999999999999,0.008,0.13,-106.84,0.2999999999999999,8.099999999999999e-05,9.36e-06,6.4e-05,5.0963903999999985e-09,5.9856440374641325e-05,8.514355962535868e-05,FIXED_CENTRE,CORRELATED_GAUSSIAN_2D,TRUNCATED_GAUSSIAN_D_GT_0,GAUSSIAN_1D,UNPUBLISHED_ASSUMED_ZERO_BASELINE,UNPUBLISHED_ASSUMED_ZERO_BASELINE,NONE_DO_NOT_DOUBLE_COUNT,0.0093370681605975,0.13,4.16,8.62,-4.91,-106.01,53.95,-30.3,9.571311299921238
NGC 7089,323.362579,-0.82325,11.69,0.11,3.445,-2.177,0.0089999999999999,0.0089999999999999,-0.07,-3.78,0.2999999999999999,8.099999999999999e-05,-5.67e-06,8.099999999999999e-05,6.528851099999998e-09,7.532999999999999e-05,8.666999999999998e-05,FIXED_CENTRE,CORRELATED_GAUSSIAN_2D,TRUNCATED_GAUSSIAN_D_GT_0,GAUSSIAN_1D,UNPUBLISHED_ASSUMED_ZERO_BASELINE,UNPUBLISHED_ASSUMED_ZERO_BASELINE,NONE_DO_NOT_DOUBLE_COUNT,0.0094097519247219,0.07,2.52,7.61,-6.83,73.27,146.63,-173.8,8.016389461596786
NGC 7099,325.092133,-23.179861,8.46,0.0899999999999999,-0.7319999999999999,-7.307,0.008,0.007,0.2899999999999999,-185.19,0.17,6.4e-05,1.624e-05,4.9000000000000005e-05,2.8722623999999997e-09,3.8611802773895854e-05,7.438819722610416e-05,FIXED_CENTRE,CORRELATED_GAUSSIAN_2D,TRUNCATED_GAUSSIAN_D_GT_0,GAUSSIAN_1D,UNPUBLISHED_ASSUMED_ZERO_BASELINE,UNPUBLISHED_ASSUMED_ZERO_BASELINE,NONE_DO_NOT_DOUBLE_COUNT,0.0106382978723404,0.2899999999999999,3.03,2.64,-6.17,1.8,-80.48,107.84,4.018768468075761
NGC 7492,347.11117,-15.611469,24.39,0.57,0.777,-2.321,0.0109999999999999,0.0109999999999999,0.2099999999999999,-176.7,0.27,0.0001209999999999,2.541e-05,0.0001209999999999,1.3995331899999996e-08,9.558999999999998e-05,0.0001464099999999,FIXED_CENTRE,CORRELATED_GAUSSIAN_2D,TRUNCATED_GAUSSIAN_D_GT_0,GAUSSIAN_1D,UNPUBLISHED_ASSUMED_ZERO_BASELINE,UNPUBLISHED_ASSUMED_ZERO_BASELINE,NONE_DO_NOT_DOUBLE_COUNT,0.023370233702337,0.2099999999999999,1.68,8.74,-21.82,-1.29,-75.12,70.68,8.9
PAL 1,53.3335,79.581055,11.18,0.32,-0.257,0.019,0.0259999999999999,0.029,0.17,-75.72,0.2899999999999999,0.0006759999999999,0.00012818,0.000841,5.520858876e-07,0.0006060652191919,0.000910934780808,FIXED_CENTRE,CORRELATED_GAUSSIAN_2D,TRUNCATED_GAUSSIAN_D_GT_0,GAUSSIAN_1D,UNPUBLISHED_ASSUMED_ZERO_BASELINE,UNPUBLISHED_ASSUMED_ZERO_BASELINE,NONE_DO_NOT_DOUBLE_COUNT,0.0286225402504472,0.17,14.98,8.09,3.64,-64.32,206.67,-24.56,17.024937591662415
PAL 10,289.508728,18.571667,8.939999999999998,1.18,-4.326,-7.173,0.01,0.01,0.11,-31.7,0.23,0.0001,1.1e-05,0.0001,9.878999999999999e-09,8.9e-05,0.000111,FIXED_CENTRE,CORRELATED_GAUSSIAN_2D,TRUNCATED_GAUSSIAN_D_GT_0,GAUSSIAN_1D,UNPUBLISHED_ASSUMED_ZERO_BASELINE,UNPUBLISHED_ASSUMED_ZERO_BASELINE,NONE_DO_NOT_DOUBLE_COUNT,0.1319910514541387,0.11,2.73,7.08,0.43,-272.22,10.22,26.44,7.5881025296183235
PAL 11,296.31,-8.007222,14.02,0.51,-1.741,-4.973,0.025,0.0219999999999999,0.17,-67.64,0.76,0.000625,9.35e-05,0.0004839999999999,2.9375775e-07,0.0004373996157136,0.0006716003842863,FIXED_CENTRE,CORRELATED_GAUSSIAN_2D,TRUNCATED_GAUSSIAN_D_GT_0,GAUSSIAN_1D,UNPUBLISHED_ASSUMED_ZERO_BASELINE,UNPUBLISHED_ASSUMED_ZERO_BASELINE,NONE_DO_NOT_DOUBLE_COUNT,0.0363766048502139,0.17,-3.3,7.12,-3.77,-129.7,-83.56,-14.16,7.847572873188245
PAL 12,326.661804,-21.252611,18.49,0.2999999999999999,-3.225,-3.32,0.0129999999999999,0.012,0.46,27.91,0.28,0.0001689999999999,7.176e-05,0.000144,1.9186502400000002e-08,8.365943712463501e-05,0.0002293405628753,FIXED_CENTRE,CORRELATED_GAUSSIAN_2D,TRUNCATED_GAUSSIAN_D_GT_0,GAUSSIAN_1D,UNPUBLISHED_ASSUMED_ZERO_BASELINE,UNPUBLISHED_ASSUMED_ZERO_BASELINE,NONE_DO_NOT_DOUBLE_COUNT,0.0162249864791779,0.46,-2.55,6.32,-13.67,-327.57,18.08,109.51,6.81504952293085
PAL 13,346.68519,12.771539,23.48,0.4,1.74,0.116,0.039,0.032,0.11,25.3,0.22,0.001521,0.00013728,0.001024,1.5386582016e-06,0.0009886020457981,0.0015563979542018,FIXED_CENTRE,CORRELATED_GAUSSIAN_2D,TRUNCATED_GAUSSIAN_D_GT_0,GAUSSIAN_1D,UNPUBLISHED_ASSUMED_ZERO_BASELINE,UNPUBLISHED_ASSUMED_ZERO_BASELINE,NONE_DO_NOT_DOUBLE_COUNT,0.0170357751277683,0.11,7.31,17.23,-15.92,161.51,216.8,-77.87,18.716543484308207
PAL 14,242.7525,14.957778,73.58,1.63,-0.458,-0.4139999999999999,0.0379999999999999,0.0369999999999999,0.23,72.29999999999998,0.14,0.001444,0.0003233799999999,0.0013689999999999,1.8722613756e-06,0.0010809529613097,0.0017320470386902,FIXED_CENTRE,CORRELATED_GAUSSIAN_2D,TRUNCATED_GAUSSIAN_D_GT_0,GAUSSIAN_1D,UNPUBLISHED_ASSUMED_ZERO_BASELINE,UNPUBLISHED_ASSUMED_ZERO_BASELINE,NONE_DO_NOT_DOUBLE_COUNT,0.0221527589018755,0.23,-39.62,26.22,49.42,-99.22,77.43,122.42,47.51034413682982
PAL 15,254.9626,-0.539,44.1,1.14,-0.6009999999999999,-0.8549999999999999,0.035,0.029,-0.0599999999999999,72.26999999999998,1.74,0.001225,-6.090000000000001e-05,0.000841,1.02651619e-06,0.0008315730653561,0.0012344269346438,FIXED_CENTRE,CORRELATED_GAUSSIAN_2D,TRUNCATED_GAUSSIAN_D_GT_0,GAUSSIAN_1D,UNPUBLISHED_ASSUMED_ZERO_BASELINE,UNPUBLISHED_ASSUMED_ZERO_BASELINE,NONE_DO_NOT_DOUBLE_COUNT,0.0258503401360544,0.0599999999999999,-29.85,12.98,18.17,-136.67,65.03,53.59,32.55000614439266
PAL 2,71.52462,31.3815,26.17,1.28,1.229,-1.533,0.0539999999999999,0.0429999999999999,0.13,-135.97,1.55,0.0029159999999999,0.0003018599999999,0.0018489999999999,5.300564540399999e-06,0.0017695222601105,0.0029954777398894,FIXED_CENTRE,CORRELATED_GAUSSIAN_2D,TRUNCATED_GAUSSIAN_D_GT_0,GAUSSIAN_1D,UNPUBLISHED_ASSUMED_ZERO_BASELINE,UNPUBLISHED_ASSUMED_ZERO_BASELINE,NONE_DO_NOT_DOUBLE_COUNT,0.0489109667558272,0.13,33.67,4.25,-4.13,-104.05,-10.43,24.77,33.93716841458639
PAL 3,151.381622,0.0716669999999999,94.84,3.23,0.0709999999999999,-0.182,0.047,0.057,-0.4899999999999999,94.04,0.8,0.002209,-0.0013127099999999,0.003249,5.4538334559000006e-06,0.0013170483209047,0.0041409516790952,FIXED_CENTRE,CORRELATED_GAUSSIAN_2D,TRUNCATED_GAUSSIAN_D_GT_0,GAUSSIAN_1D,UNPUBLISHED_ASSUMED_ZERO_BASELINE,UNPUBLISHED_ASSUMED_ZERO_BASELINE,NONE_DO_NOT_DOUBLE_COUNT,0.0340573597638127,0.4899999999999999,43.34,-61.26,63.29,-41.1,135.12,51.48,75.04094349087038
PAL 4,172.318329,28.973373,101.39,2.57,-0.46,-0.2909999999999999,0.2999999999999999,0.256,-0.2099999999999999,72.4,0.2399999999999999,0.0899999999999999,-0.016128,0.0655359999999999,0.0056381276159999,0.0575261075983494,0.0980098924016505,FIXED_CENTRE,CORRELATED_GAUSSIAN_2D,TRUNCATED_GAUSSIAN_D_GT_0,GAUSSIAN_1D,UNPUBLISHED_ASSUMED_ZERO_BASELINE,UNPUBLISHED_ASSUMED_ZERO_BASELINE,NONE_DO_NOT_DOUBLE_COUNT,0.0253476674228227,0.2099999999999999,37.47,-12.02,96.32,147.95,32.27,7.63,39.350747133949056
PAL 5,229.019167,-0.121,21.94,0.51,-2.754,-2.643,0.017,0.014,0.01,-58.61,0.1499999999999999,0.000289,2.38e-06,0.000196,5.6638335600000015e-08,0.0001959391323104,0.0002890608676895,FIXED_CENTRE,CORRELATED_GAUSSIAN_2D,TRUNCATED_GAUSSIAN_D_GT_0,GAUSSIAN_1D,UNPUBLISHED_ASSUMED_ZERO_BASELINE,UNPUBLISHED_ASSUMED_ZERO_BASELINE,NONE_DO_NOT_DOUBLE_COUNT,0.0232452142206016,0.01,-7.1,0.22,15.74,49.28,-144.14,-10.2,7.103407632960395
PAL 6,265.925812,-26.224995,7.05,0.45,-9.19,-5.283,0.021,0.0179999999999999,0.27,177.0,1.35,0.000441,0.00010206,0.0003239999999999,1.3246775640000001e-07,0.0002648628732074,0.0005001371267925,FIXED_CENTRE,CORRELATED_GAUSSIAN_2D,TRUNCATED_GAUSSIAN_D_GT_0,GAUSSIAN_1D,UNPUBLISHED_ASSUMED_ZERO_BASELINE,UNPUBLISHED_ASSUMED_ZERO_BASELINE,NONE_DO_NOT_DOUBLE_COUNT,0.0638297872340425,0.27,1.14,0.26,0.22,-194.0,-52.44,181.72,1.1692732785794773
PAL 8,280.37729,-19.828858,11.32,0.63,-1.999,-5.633,0.0539999999999999,0.047,0.16,-39.68,1.25,0.0029159999999999,0.00040608,0.002209,6.2765430336e-06,0.0020241105346498,0.0031008894653501,FIXED_CENTRE,CORRELATED_GAUSSIAN_2D,TRUNCATED_GAUSSIAN_D_GT_0,GAUSSIAN_1D,UNPUBLISHED_ASSUMED_ZERO_BASELINE,UNPUBLISHED_ASSUMED_ZERO_BASELINE,NONE_DO_NOT_DOUBLE_COUNT,0.0556537102473498,0.16,-2.72,2.74,-1.34,-46.04,-67.23,-26.26,3.860828926538963
PATCHICK 126,256.410833,-47.342222,8.0,0.5,-4.859,-6.832,0.0379999999999999,0.033,-0.04,-122.14,0.77,0.001444,-5.016000000000001e-05,0.001089,1.5699999744000002e-06,0.001082048717543,0.0014509512824569,FIXED_CENTRE,CORRELATED_GAUSSIAN_2D,TRUNCATED_GAUSSIAN_D_GT_0,GAUSSIAN_1D,UNPUBLISHED_ASSUMED_ZERO_BASELINE,UNPUBLISHED_ASSUMED_ZERO_BASELINE,NONE_DO_NOT_DOUBLE_COUNT,0.0625,0.04,0.66,-2.68,-0.53,210.96,-6.02,6.65,2.7600724628168734
PYXIS,136.9869,-37.2266,36.53,0.66,1.026,0.1439999999999999,0.016,0.019,0.0899999999999999,40.46,0.2099999999999999,0.0002559999999999,2.736e-05,0.0003609999999999,9.16674304e-08,0.0002492984831275,0.0003677015168724,FIXED_CENTRE,CORRELATED_GAUSSIAN_2D,TRUNCATED_GAUSSIAN_D_GT_0,GAUSSIAN_1D,UNPUBLISHED_ASSUMED_ZERO_BASELINE,UNPUBLISHED_ASSUMED_ZERO_BASELINE,NONE_DO_NOT_DOUBLE_COUNT,0.0180673419107582,0.0899999999999999,13.65,-35.84,4.45,-107.18,215.25,159.69,38.35137676798579
RUP 106,189.6675,-51.150278,20.71,0.3599999999999999,-1.253,0.401,0.008,0.008,0.45,-38.36,0.26,6.4e-05,2.88e-05,6.4e-05,3.2665599999999995e-09,3.5199999999999995e-05,9.28e-05,FIXED_CENTRE,CORRELATED_GAUSSIAN_2D,TRUNCATED_GAUSSIAN_D_GT_0,GAUSSIAN_1D,UNPUBLISHED_ASSUMED_ZERO_BASELINE,UNPUBLISHED_ASSUMED_ZERO_BASELINE,NONE_DO_NOT_DOUBLE_COUNT,0.0173829068083051,0.45,-2.23,-17.41,4.19,118.81,226.1,31.88,17.552236324753604
SAGITTARIUS II,298.164708,-22.065251,66.53,1.56,-0.807,-0.897,0.0449999999999999,0.028,-0.0299999999999999,-175.73,0.37,0.0020249999999999,-3.78e-05,0.000784,1.5861711600000002e-06,0.0007828497044157,0.0020261502955842,FIXED_CENTRE,CORRELATED_GAUSSIAN_2D,TRUNCATED_GAUSSIAN_D_GT_0,GAUSSIAN_1D,UNPUBLISHED_ASSUMED_ZERO_BASELINE,UNPUBLISHED_ASSUMED_ZERO_BASELINE,NONE_DO_NOT_DOUBLE_COUNT,0.023448068540508,0.0299999999999999,-49.79,19.89,-25.88,-22.93,-119.98,199.42,53.615820426437566
TER 1,263.946667,-30.481778,5.67,0.17,-2.886,-4.87,0.0459999999999999,0.0439999999999999,0.08,57.55,1.61,0.0021159999999999,0.0001619199999999,0.0019359999999999,4.070357913599999e-06,0.0018407485859703,0.0022112514140296,FIXED_CENTRE,CORRELATED_GAUSSIAN_2D,TRUNCATED_GAUSSIAN_D_GT_0,GAUSSIAN_1D,UNPUBLISHED_ASSUMED_ZERO_BASELINE,UNPUBLISHED_ASSUMED_ZERO_BASELINE,NONE_DO_NOT_DOUBLE_COUNT,0.0299823633156966,0.08,2.51,-0.24,0.1,-62.2,97.77,2.95,2.521447996687617
TER 10,270.740833,-26.066944,10.21,0.4,-6.806,-2.595,0.0299999999999999,0.023,0.0299999999999999,211.37,2.27,0.0008999999999999,2.07e-05,0.0005289999999999,4.7567151000000005e-07,0.0005278486137206,0.0009011513862793,FIXED_CENTRE,CORRELATED_GAUSSIAN_2D,TRUNCATED_GAUSSIAN_D_GT_0,GAUSSIAN_1D,UNPUBLISHED_ASSUMED_ZERO_BASELINE,UNPUBLISHED_ASSUMED_ZERO_BASELINE,NONE_DO_NOT_DOUBLE_COUNT,0.039177277179236,0.0299999999999999,-2.0,0.79,-0.33,-249.96,-1.58,225.31,2.150372060830404
TER 12,273.065833,-22.741944,5.17,0.38,-6.234,-3.063,0.016,0.0129999999999999,0.39,94.01,0.7199999999999999,0.0002559999999999,8.112000000000001e-05,0.0001689999999999,3.66835456e-08,0.0001204527056345,0.0003045472943654,FIXED_CENTRE,CORRELATED_GAUSSIAN_2D,TRUNCATED_GAUSSIAN_D_GT_0,GAUSSIAN_1D,UNPUBLISHED_ASSUMED_ZERO_BASELINE,UNPUBLISHED_ASSUMED_ZERO_BASELINE,NONE_DO_NOT_DOUBLE_COUNT,0.0735009671179883,0.39,3.07,0.75,-0.19,-127.81,128.87,101.76,3.160284797292801
TER 2,261.887917,-30.802333,7.75,0.33,-2.142,-6.255,0.0299999999999999,0.027,0.2099999999999999,133.46,0.69,0.0008999999999999,0.0001700999999999,0.0007289999999999,6.271659900000001e-07,0.0006241207469286,0.0010048792530713,FIXED_CENTRE,CORRELATED_GAUSSIAN_2D,TRUNCATED_GAUSSIAN_D_GT_0,GAUSSIAN_1D,UNPUBLISHED_ASSUMED_ZERO_BASELINE,UNPUBLISHED_ASSUMED_ZERO_BASELINE,NONE_DO_NOT_DOUBLE_COUNT,0.0425806451612903,0.2099999999999999,0.45,-0.5,0.31,-131.58,9.08,-49.5,0.6726812023536856
TER 3,247.162483,-35.339829,7.639999999999999,0.31,-5.578,-1.748,0.019,0.0179999999999999,-0.04,-135.76,0.57,0.0003609999999999,-1.368e-05,0.0003239999999999,1.167768576e-07,0.0003194914711465,0.0003655085288534,FIXED_CENTRE,CORRELATED_GAUSSIAN_2D,TRUNCATED_GAUSSIAN_D_GT_0,GAUSSIAN_1D,UNPUBLISHED_ASSUMED_ZERO_BASELINE,UNPUBLISHED_ASSUMED_ZERO_BASELINE,NONE_DO_NOT_DOUBLE_COUNT,0.0405759162303664,0.04,0.89,-1.94,1.22,181.97,113.2,89.05,2.1344085831911377
TER 4,262.662506,-31.595528,7.59,0.31,-5.364,-3.674,0.035,0.031,0.2099999999999999,-48.96,1.57,0.001225,0.00022785,0.0009609999999999,1.1253093775000002e-06,0.0008296758224165,0.0013563241775834,FIXED_CENTRE,CORRELATED_GAUSSIAN_2D,TRUNCATED_GAUSSIAN_D_GT_0,GAUSSIAN_1D,UNPUBLISHED_ASSUMED_ZERO_BASELINE,UNPUBLISHED_ASSUMED_ZERO_BASELINE,NONE_DO_NOT_DOUBLE_COUNT,0.0408432147562582,0.2099999999999999,0.61,-0.53,0.17,54.76,39.76,94.74,0.8080841540334769
TER 5,267.0202,-24.779055,6.62,0.1499999999999999,-1.864,-5.108,0.0299999999999999,0.027,0.33,-81.97,0.8499999999999999,0.0008999999999999,0.0002672999999999,0.0007289999999999,5.8465071e-07,0.0005338586986917,0.0010951413013082,FIXED_CENTRE,CORRELATED_GAUSSIAN_2D,TRUNCATED_GAUSSIAN_D_GT_0,GAUSSIAN_1D,UNPUBLISHED_ASSUMED_ZERO_BASELINE,UNPUBLISHED_ASSUMED_ZERO_BASELINE,NONE_DO_NOT_DOUBLE_COUNT,0.0226586102719033,0.33,1.58,0.44,0.19,58.48,79.79,-27.76,1.6401219466856727
TER 6,267.69325,-31.275389,7.269999999999999,0.3499999999999999,-4.993,-7.458,0.0519999999999999,0.0449999999999999,0.26,137.15,1.7,0.0027039999999999,0.0006083999999999,0.0020249999999999,5.10544944e-06,0.0016677857041799,0.00306121429582,FIXED_CENTRE,CORRELATED_GAUSSIAN_2D,TRUNCATED_GAUSSIAN_D_GT_0,GAUSSIAN_1D,UNPUBLISHED_ASSUMED_ZERO_BASELINE,UNPUBLISHED_ASSUMED_ZERO_BASELINE,NONE_DO_NOT_DOUBLE_COUNT,0.0481430536451169,0.26,0.91,-0.18,-0.27,-141.03,-60.0,18.66,0.9276313923105449
TER 7,289.432983,-34.657722,24.28,0.4899999999999999,-2.99,-1.659,0.0129999999999999,0.012,0.2399999999999999,159.45,0.14,0.0001689999999999,3.744e-05,0.000144,2.29342464e-08,0.0001170284456855,0.0001959715543144,FIXED_CENTRE,CORRELATED_GAUSSIAN_2D,TRUNCATED_GAUSSIAN_D_GT_0,GAUSSIAN_1D,UNPUBLISHED_ASSUMED_ZERO_BASELINE,UNPUBLISHED_ASSUMED_ZERO_BASELINE,NONE_DO_NOT_DOUBLE_COUNT,0.0201812191103789,0.2399999999999999,-14.59,1.35,-8.33,-266.95,-29.06,196.22,14.652324047740686
TER 8,295.435028,-33.999474,27.54,0.4199999999999999,-2.499,-1.58,0.0089999999999999,0.006,-0.44,148.53,0.17,8.099999999999999e-05,-2.376e-05,3.6e-05,2.3514624e-09,2.5777108929680435e-05,9.122289107031956e-05,FIXED_CENTRE,CORRELATED_GAUSSIAN_2D,TRUNCATED_GAUSSIAN_D_GT_0,GAUSSIAN_1D,UNPUBLISHED_ASSUMED_ZERO_BASELINE,UNPUBLISHED_ASSUMED_ZERO_BASELINE,NONE_DO_NOT_DOUBLE_COUNT,0.0152505446623093,0.44,-16.74,2.51,-11.44,-278.55,-15.93,173.31,16.927129112758607
TER 9,270.411667,-26.839722,5.77,0.34,-2.168,-7.698,0.031,0.029,0.34,68.56,0.54,0.0009609999999999,0.00030566,0.000841,7.147729644000001e-07,0.0005895067647604,0.0012124932352395,FIXED_CENTRE,CORRELATED_GAUSSIAN_2D,TRUNCATED_GAUSSIAN_D_GT_0,GAUSSIAN_1D,UNPUBLISHED_ASSUMED_ZERO_BASELINE,UNPUBLISHED_ASSUMED_ZERO_BASELINE,NONE_DO_NOT_DOUBLE_COUNT,0.0589254766031195,0.34,2.42,0.36,-0.2,-91.02,44.46,-47.51,2.446630335788388
TON 2,264.042,-38.5561,6.99,0.34,-5.936,-0.795,0.02,0.019,0.2399999999999999,-184.72,1.12,0.0004,9.12e-05,0.0003609999999999,1.3608256e-07,0.0002872385931909,0.000473761406809,FIXED_CENTRE,CORRELATED_GAUSSIAN_2D,TRUNCATED_GAUSSIAN_D_GT_0,GAUSSIAN_1D,UNPUBLISHED_ASSUMED_ZERO_BASELINE,UNPUBLISHED_ASSUMED_ZERO_BASELINE,NONE_DO_NOT_DOUBLE_COUNT,0.0486409155937052,0.2399999999999999,1.29,-1.12,-0.42,182.4,154.24,169.82,1.708361788380904
UKS 1,268.613312,-24.145277,15.58,0.56,-0.96,-2.941,0.2069999999999999,0.135,0.13,59.38,2.63,0.0428489999999999,0.00363285,0.018225,0.0007677254258774,0.0177002191292949,0.043373780870705,FIXED_CENTRE,CORRELATED_GAUSSIAN_2D,TRUNCATED_GAUSSIAN_D_GT_0,GAUSSIAN_1D,UNPUBLISHED_ASSUMED_ZERO_BASELINE,UNPUBLISHED_ASSUMED_ZERO_BASELINE,NONE_DO_NOT_DOUBLE_COUNT,0.0359435173299101,0.13,-7.34,1.39,0.21,-90.83,35.25,-40.64,7.470455140083501
VVV-CL001,268.677083,-24.014722,8.08,1.48,-3.394,-1.71,0.11,0.0769999999999999,0.2999999999999999,-327.28,0.9,0.0121,0.002541,0.005929,6.5284219e-05,0.0050173771284835,0.0130116228715164,FIXED_CENTRE,CORRELATED_GAUSSIAN_2D,TRUNCATED_GAUSSIAN_D_GT_0,GAUSSIAN_1D,UNPUBLISHED_ASSUMED_ZERO_BASELINE,UNPUBLISHED_ASSUMED_ZERO_BASELINE,NONE_DO_NOT_DOUBLE_COUNT,0.1831683168316831,0.2999999999999999,0.13,0.74,0.11,304.62,100.38,81.91,0.7513321502504734
VVV-CL160,271.7375,-20.011111,6.8,0.5,-2.025,-16.766,0.133,0.104,0.31,245.28,0.78,0.017689,0.0042879199999999,0.0108159999999999,0.0001729379660736,0.0087574303756549,0.019747569624345,FIXED_CENTRE,CORRELATED_GAUSSIAN_2D,TRUNCATED_GAUSSIAN_D_GT_0,GAUSSIAN_1D,UNPUBLISHED_ASSUMED_ZERO_BASELINE,UNPUBLISHED_ASSUMED_ZERO_BASELINE,NONE_DO_NOT_DOUBLE_COUNT,0.0735294117647058,0.31,1.48,1.2,0.04,-342.4,-200.24,-197.76,1.9053608582103285
WHITING 1,30.737499,-3.252778,30.59,1.17,-0.2439999999999999,-2.019,0.0509999999999999,0.042,0.0599999999999999,-130.41,1.79,0.0026009999999999,0.00012852,0.001764,4.5716466096e-06,0.0017447105067501,0.0026202894932498,FIXED_CENTRE,CORRELATED_GAUSSIAN_2D,TRUNCATED_GAUSSIAN_D_GT_0,GAUSSIAN_1D,UNPUBLISHED_ASSUMED_ZERO_BASELINE,UNPUBLISHED_ASSUMED_ZERO_BASELINE,NONE_DO_NOT_DOUBLE_COUNT,0.0382477933965348,0.0599999999999999,22.41,4.73,-26.66,-246.96,32.88,-7.97,22.90373332013801
